Date,MaxTemp,MinTemp,ObsCount,MeanPressure,MeanRH,MaxWind,TotalPrecip
2015-01-01,57,32,24,29.20,57.8,8,0.07
2015-01-02,49,44,33,29.18,88.4,12,1.31
2015-01-03,61,48,35,29.09,94.3,12,0.20
2015-01-04,66,44,47,29.00,85.2,23,3.94
2015-01-05,48,34,28,29.31,58.1,22,0.00
2015-01-06,53,30,24,29.19,53.2,20,0.00
2015-01-07,39,16,24,29.22,51.9,31,0.00
2015-01-08,32,11,24,29.38,40.9,17,0.00
2015-01-09,41,22,24,29.21,41.9,14,0.00
2015-01-10,46,21,24,29.35,35.8,15,0.00
2015-01-11,45,29,32,29.35,58.3,16,0.08
2015-01-12,48,39,44,29.13,95.8,10,0.02
2015-01-13,49,41,27,29.13,93.2,15,0.07
2015-01-14,44,37,34,29.14,86.0,12,0.00
2015-01-15,38,33,43,29.06,90.7,12,0.25
2015-01-16,53,32,28,29.07,67.4,16,0.00
2015-01-17,59,32,24,29.09,59.5,13,0.00
2015-01-18,59,40,28,28.98,56.1,26,0.00
2015-01-19,65,36,24,28.99,34.3,12,0.00
2015-01-20,66,45,24,28.90,46.2,10,0.00
2015-01-21,63,42,24,28.99,51.1,16,0.00
2015-01-22,55,40,24,29.15,44.0,10,0.05
2015-01-23,46,41,32,28.87,89.6,23,1.12
2015-01-24,48,37,37,28.75,74.2,22,0.01
2015-01-25,59,31,25,28.77,59.1,14,0.03
2015-01-26,45,34,40,28.73,78.8,23,0.02
2015-01-27,48,32,24,28.87,67.1,22,0.00
2015-01-28,55,32,26,29.11,52.5,17,0.00
2015-01-29,59,36,24,29.10,50.0,12,0.00
2015-01-30,55,36,25,29.15,48.2,26,0.00
2015-01-31,54,29,24,29.21,41.2,10,0.00
2015-02-01,57,40,34,28.94,72.1,17,0.65
2015-02-02,57,28,38,28.82,72.4,28,0.92
2015-02-03,50,25,24,29.19,50.7,14,0.00
2015-02-04,50,35,24,29.09,51.3,8,0.00
2015-02-05,50,31,24,29.03,44.9,23,0.00
2015-02-06,52,26,24,29.23,33.8,8,0.00
2015-02-07,64,33,24,29.12,33.4,13,0.00
2015-02-08,67,41,25,28.95,59.2,15,0.00
2015-02-09,63,44,44,28.74,83.6,21,0.81
2015-02-10,54,38,25,28.82,68.0,23,0.00
2015-02-11,64,32,24,28.93,57.4,10,0.00
2015-02-12,49,28,24,28.99,47.1,26,0.00
2015-02-13,45,26,25,29.12,36.3,14,0.00
2015-02-14,60,29,24,28.97,33.8,23,0.00
2015-02-15,44,22,24,29.11,30.1,24,0.00
2015-02-16,40,34,33,28.86,68.2,17,1.67
2015-02-17,37,28,31,28.80,74.6,22,0.05
2015-02-18,39,22,27,28.95,59.1,32,0.00
2015-02-19,27,15,24,29.18,40.1,20,0.00
2015-02-20,35,16,28,29.24,36.8,13,0.00
2015-02-21,56,34,27,29.11,48.6,13,0.11
2015-02-22,55,44,41,29.05,92.6,13,0.62
2015-02-23,48,36,28,29.11,80.9,18,0.38
2015-02-24,37,32,46,28.98,88.8,12,0.24
2015-02-25,37,32,45,28.75,82.5,17,1.38
2015-02-26,42,33,32,28.81,83.0,15,0.00
2015-02-27,48,30,24,29.23,59.9,16,0.00
2015-02-28,56,31,25,29.40,54.9,16,0.00
2015-03-01,46,36,32,29.33,88.9,15,0.13
2015-03-02,62,45,42,29.19,84.7,10,0.05
2015-03-03,54,50,44,29.09,89.4,10,0.66
2015-03-04,77,50,40,28.92,84.6,20,0.00
2015-03-05,67,29,41,28.93,87.4,30,0.25
2015-03-06,50,28,28,29.27,67.6,15,0.00
2015-03-07,63,30,24,29.27,41.7,8,0.00
2015-03-08,71,39,24,29.16,32.3,9,0.00
2015-03-09,66,54,23,29.10,46.5,12,0.00
2015-03-10,79,58,24,29.02,59.5,13,0.00
2015-03-11,72,58,28,29.06,80.1,15,0.04
2015-03-12,67,57,34,29.18,83.4,20,0.10
2015-03-13,58,46,35,29.20,87.9,23,0.17
2015-03-14,69,46,29,28.99,86.6,14,0.07
2015-03-15,77,56,26,29.07,59.5,13,0.00
2015-03-16,82,48,24,29.05,35.5,9,0.00
2015-03-17,79,59,24,28.91,49.5,20,0.00
2015-03-18,72,56,24,28.97,45.6,13,0.00
2015-03-19,65,48,39,28.98,88.1,17,0.74
2015-03-20,70,48,38,29.01,86.3,12,0.01
2015-03-21,71,54,30,29.00,70.3,12,0.00
2015-03-22,58,54,46,28.91,87.7,14,2.22
2015-03-23,67,55,30,28.91,74.2,17,0.02
2015-03-24,72,50,24,29.03,68.2,10,0.00
2015-03-25,72,58,29,29.04,77.1,9,0.01
2015-03-26,73,62,35,28.85,74.7,13,0.00
2015-03-27,64,44,31,28.73,65.9,23,0.03
2015-03-28,52,37,24,29.02,45.0,16,0.02
2015-03-29,61,31,24,29.20,34.2,12,0.01
2015-03-30,70,50,41,29.04,67.2,17,1.23
2015-03-31,75,48,25,28.93,62.6,16,0.03
2015-04-01,79,55,30,28.94,67.9,13,0.64
2015-04-02,75,59,30,29.06,74.1,14,0.11
2015-04-03,83,57,24,28.95,54.5,17,0.00
2015-04-04,72,53,37,28.99,63.2,24,0.91
2015-04-05,68,45,24,29.14,32.4,16,0.00
2015-04-06,70,54,34,29.11,66.1,10,1.35
2015-04-07,80,64,35,29.08,76.6,10,0.00
2015-04-08,86,63,24,29.02,58.1,14,0.00
2015-04-09,84,65,24,28.99,59.2,17,0.00
2015-04-10,76,66,48,28.97,81.8,16,3.16
2015-04-11,78,55,28,29.00,58.3,10,0.00
2015-04-12,70,57,35,29.08,74.6,14,0.02
2015-04-13,74,64,44,29.05,83.3,15,0.47
2015-04-14,81,66,35,28.97,81.9,14,0.90
2015-04-15,76,56,36,28.98,84.3,18,1.78
2015-04-16,58,53,30,29.11,86.0,18,0.41
2015-04-17,63,55,31,29.00,91.1,10,0.91
2015-04-18,72,63,36,28.88,86.9,9,0.53
2015-04-19,71,66,50,28.71,88.2,15,0.81
2015-04-20,77,61,31,28.68,73.1,21,0.00
2015-04-21,71,50,24,28.86,47.5,20,0.00
2015-04-22,77,51,24,28.87,45.9,16,0.00
2015-04-23,68,57,24,28.89,52.1,16,0.00
2015-04-24,76,48,24,28.93,40.4,10,0.00
2015-04-25,79,59,37,28.70,76.1,14,2.01
2015-04-26,83,61,32,28.60,71.4,24,0.00
2015-04-27,70,51,27,28.77,59.9,14,0.00
2015-04-28,72,53,24,28.80,49.8,17,0.00
2015-04-29,63,54,42,28.72,82.0,16,1.83
2015-04-30,73,52,24,28.71,58.8,18,0.00
2015-05-01,70,48,24,28.89,51.9,17,0.00
2015-05-02,76,53,24,28.99,50.5,12,0.00
2015-05-03,79,57,24,29.05,49.9,10,0.00
2015-05-04,80,60,24,29.16,48.7,10,0.00
2015-05-05,80,61,24,29.18,53.8,13,0.00
2015-05-06,81,60,24,29.08,52.2,13,0.00
2015-05-07,84,62,24,29.01,51.2,12,0.00
2015-05-08,86,63,24,28.99,54.7,7,0.00
2015-05-09,85,69,24,29.01,56.8,10,0.00
2015-05-10,87,68,24,29.02,57.6,10,0.00
2015-05-11,89,71,24,29.01,55.5,14,0.00
2015-05-12,83,70,26,29.06,63.5,15,0.00
2015-05-13,84,63,24,29.09,43.6,13,0.00
2015-05-14,82,65,25,29.14,52.3,13,0.00
2015-05-15,80,68,27,29.15,64.7,13,0.00
2015-05-16,84,67,24,29.12,57.7,12,0.00
2015-05-17,84,69,26,29.14,70.5,12,0.85
2015-05-18,83,70,40,29.09,77.8,22,4.57
2015-05-19,84,69,24,28.98,75.5,9,0.00
2015-05-20,86,68,25,28.89,64.5,10,0.00
2015-05-21,79,60,24,28.89,63.8,20,0.00
2015-05-22,78,52,24,29.08,56.0,14,0.00
2015-05-23,81,61,24,29.21,50.8,12,0.00
2015-05-24,83,63,26,29.19,59.0,13,0.00
2015-05-25,81,66,40,29.14,77.0,13,1.25
2015-05-26,83,66,42,29.12,84.7,20,2.94
2015-05-27,82,66,30,29.12,76.6,10,0.00
2015-05-28,80,66,41,29.11,82.7,35,2.54
2015-05-29,84,66,35,29.08,76.3,12,0.00
2015-05-30,85,67,24,29.03,62.5,12,0.00
2015-05-31,84,68,31,28.98,75.8,15,0.33
2015-06-01,79,68,38,28.97,80.7,10,0.04
2015-06-02,84,65,35,28.90,69.7,15,0.20
2015-06-03,79,66,32,28.89,76.1,13,0.06
2015-06-04,78,64,32,28.95,76.3,14,0.00
2015-06-05,86,66,24,28.95,64.0,10,0.00
2015-06-06,88,69,24,28.89,57.6,10,0.00
2015-06-07,88,73,24,28.94,55.3,10,0.00
2015-06-08,87,73,24,28.93,65.0,15,0.00
2015-06-09,88,69,44,28.82,77.5,28,3.44
2015-06-10,84,66,33,28.85,77.4,17,1.80
2015-06-11,85,71,39,28.92,78.1,22,2.90
2015-06-12,83,70,34,29.01,78.2,14,0.36
2015-06-13,89,69,24,29.06,67.9,8,0.00
2015-06-14,91,73,24,29.05,61.9,8,0.00
2015-06-15,93,76,24,29.04,55.1,8,0.00
2015-06-16,93,75,24,29.04,58.1,9,0.00
2015-06-17,94,77,18,29.01,53.5,9,0.00
2015-06-18,94,73,28,28.99,70.4,31,0.24
2015-06-19,90,73,24,28.98,68.5,10,0.00
2015-06-20,88,75,37,28.95,75.4,30,1.23
2015-06-21,93,73,19,28.98,67.1,12,0.00
2015-06-22,94,76,24,29.01,61.5,13,0.00
2015-06-23,94,77,24,29.01,58.2,12,0.00
2015-06-24,92,72,34,29.01,70.6,36,2.65
2015-06-25,92,71,24,28.98,65.0,12,0.00
2015-06-26,90,75,25,28.91,70.1,9,0.00
2015-06-27,84,73,48,28.83,84.1,18,5.21
2015-06-28,82,67,25,28.88,62.8,12,0.00
2015-06-29,85,64,25,28.92,59.5,10,0.00
2015-06-30,86,72,30,28.92,69.0,25,0.11
2015-07-01,84,69,35,28.96,79.8,12,1.31
2015-07-02,86,68,28,28.92,72.4,17,0.27
2015-07-03,79,71,35,28.91,81.3,23,0.97
2015-07-04,83,68,43,28.98,82.8,14,4.20
2015-07-05,84,69,34,29.02,77.0,12,0.00
2015-07-06,83,71,39,29.05,79.6,14,0.05
2015-07-07,89,71,24,29.06,70.3,10,0.00
2015-07-08,90,74,24,29.07,68.1,10,0.00
2015-07-09,91,73,24,29.06,67.8,12,0.00
2015-07-10,92,74,24,29.06,68.0,14,0.00
2015-07-11,92,73,24,29.05,63.4,14,0.00
2015-07-12,91,72,28,28.97,65.9,25,0.00
2015-07-13,91,72,26,28.86,70.9,10,0.02
2015-07-14,89,70,29,28.79,71.7,30,2.00
2015-07-15,89,69,33,28.79,75.4,16,0.33
2015-07-16,88,74,24,28.89,64.8,9,0.00
2015-07-17,93,77,24,28.93,59.6,10,0.00
2015-07-18,92,76,30,28.95,68.0,26,0.04
2015-07-19,91,74,27,28.93,73.1,14,0.00
2015-07-20,93,75,27,28.84,70.1,12,0.00
2015-07-21,92,75,30,28.80,68.8,18,0.14
2015-07-22,92,73,28,28.85,73.3,36,0.29
2015-07-23,87,73,36,28.90,82.8,26,0.58
2015-07-24,90,73,32,28.88,73.2,14,0.00
2015-07-25,89,75,30,28.90,68.7,9,0.00
2015-07-26,91,74,24,28.91,61.6,6,0.00
2015-07-27,92,76,27,28.90,63.0,14,0.00
2015-07-28,94,76,25,28.91,64.6,14,0.00
2015-07-29,92,76,27,28.90,68.3,17,0.05
2015-07-30,91,77,29,28.88,72.9,13,0.02
2015-07-31,93,73,25,28.87,66.6,17,0.10
2015-08-01,88,74,24,28.87,54.5,18,0.00
2015-08-02,94,70,24,28.84,49.2,10,0.00
2015-08-03,92,73,24,28.84,60.1,13,0.00
2015-08-04,95,74,24,28.91,50.1,8,0.00
2015-08-05,94,75,24,28.93,58.8,15,0.00
2015-08-06,88,73,41,28.85,79.1,17,0.20
2015-08-07,87,73,36,28.78,77.6,18,0.00
2015-08-08,90,70,24,28.84,63.4,8,0.00
2015-08-09,92,74,24,28.90,61.2,8,0.00
2015-08-10,93,76,28,28.88,69.2,14,0.13
2015-08-11,90,72,25,28.88,70.4,12,0.01
2015-08-12,89,72,24,28.91,58.2,14,0.00
2015-08-13,88,72,33,28.94,60.5,14,0.00
2015-08-14,89,73,26,29.03,60.4,14,0.00
2015-08-15,89,71,24,29.05,54.2,10,0.00
2015-08-16,90,72,24,29.05,61.3,14,0.00
2015-08-17,87,72,39,29.02,79.8,33,3.70
2015-08-18,86,72,43,28.93,83.8,18,1.85
2015-08-19,88,73,43,28.91,83.9,16,2.98
2015-08-20,88,73,34,28.93,81.8,15,0.27
2015-08-21,88,73,24,28.96,72.8,9,0.00
2015-08-22,91,74,24,28.96,66.4,8,0.00
2015-08-23,87,70,42,28.94,80.6,13,5.91
2015-08-24,88,72,24,28.88,69.2,12,0.00
2015-08-25,84,64,24,28.87,56.2,16,0.00
2015-08-26,85,60,24,28.89,59.6,15,0.00
2015-08-27,84,67,28,28.94,66.8,15,0.00
2015-08-28,82,70,34,29.02,76.9,16,0.00
2015-08-29,80,72,30,29.07,74.4,12,0.00
2015-08-30,74,66,44,29.02,80.4,20,1.49
2015-08-31,82,66,34,29.01,82.0,10,0.05
2015-09-01,87,70,26,29.02,69.7,6,0.00
2015-09-02,89,73,24,28.99,66.0,6,0.00
2015-09-03,89,72,34,28.90,74.9,12,0.77
2015-09-04,92,70,25,28.91,67.4,9,0.00
2015-09-05,86,71,24,29.00,68.6,14,0.00
2015-09-06,85,71,27,29.03,69.8,14,0.00
2015-09-07,84,70,31,28.99,75.6,14,0.22
2015-09-08,83,71,31,28.94,79.8,14,0.25
2015-09-09,85,71,32,28.88,82.3,12,0.30
2015-09-10,84,69,40,28.83,82.9,24,0.97
2015-09-11,86,69,32,28.82,79.1,12,0.00
2015-09-12,77,62,30,28.79,72.3,16,0.00
2015-09-13,75,53,24,28.93,58.5,15,0.00
2015-09-14,77,56,24,29.11,54.9,12,0.00
2015-09-15,79,59,24,29.20,58.9,12,0.00
2015-09-16,78,62,24,29.18,59.3,14,0.00
2015-09-17,82,63,24,29.04,59.0,10,0.00
2015-09-18,83,65,24,28.91,60.2,16,0.00
2015-09-19,87,63,24,28.87,57.4,9,0.00
2015-09-20,89,67,24,28.88,66.0,8,0.00
2015-09-21,77,67,24,28.91,69.1,13,0.00
2015-09-22,75,68,28,28.99,78.2,14,0.01
2015-09-23,80,64,25,29.03,68.8,14,0.00
2015-09-24,73,59,30,29.01,70.6,18,1.20
2015-09-25,67,61,44,28.93,88.6,13,0.50
2015-09-26,70,66,49,28.94,91.0,15,1.38
2015-09-27,72,64,37,29.00,87.2,16,0.01
2015-09-28,75,66,40,28.91,90.3,13,0.03
2015-09-29,76,71,44,28.79,89.0,8,1.20
2015-09-30,84,70,37,28.74,82.6,14,0.00
2015-10-01,72,66,32,28.74,85.0,13,0.18
2015-10-02,66,61,39,28.71,84.5,17,0.08
2015-10-03,64,57,51,28.61,85.0,16,0.64
2015-10-04,70,62,37,28.68,86.2,18,0.24
2015-10-05,73,64,32,28.84,78.8,16,0.01
2015-10-06,76,60,29,28.94,72.9,14,0.00
2015-10-07,81,61,24,28.98,64.5,3,0.00
2015-10-08,80,61,24,29.02,65.4,7,0.00
2015-10-09,80,64,24,29.00,72.0,9,0.00
2015-10-10,72,63,53,28.92,84.3,18,1.77
2015-10-11,72,59,36,28.90,76.2,14,0.00
2015-10-12,76,55,33,28.82,80.7,10,0.00
2015-10-13,80,60,27,28.75,66.7,14,0.05
2015-10-14,78,52,24,28.90,55.8,12,0.00
2015-10-15,81,54,24,29.02,57.9,6,0.00
2015-10-16,77,54,24,29.05,51.5,17,0.00
2015-10-17,69,45,24,29.13,44.5,15,0.00
2015-10-18,66,45,24,29.24,47.2,14,0.00
2015-10-19,63,45,24,29.31,54.2,14,0.00
2015-10-20,70,43,24,29.25,57.8,8,0.00
2015-10-21,75,51,24,29.23,56.4,7,0.00
2015-10-22,77,56,24,29.18,66.2,7,0.00
2015-10-23,79,57,24,29.09,69.5,7,0.00
2015-10-24,75,59,24,29.07,72.0,14,0.00
2015-10-25,71,62,31,29.06,84.0,10,0.00
2015-10-26,67,53,37,29.04,89.0,23,0.51
2015-10-27,56,50,34,28.97,90.8,25,0.22
2015-10-28,77,56,35,28.73,84.7,13,0.25
2015-10-29,69,56,27,28.80,83.9,12,0.01
2015-10-30,70,48,24,28.94,60.8,13,0.00
2015-10-31,63,52,26,28.97,75.2,14,0.00
2015-11-01,65,57,38,28.91,91.2,14,1.20
2015-11-02,74,63,44,28.85,91.0,16,4.38
2015-11-03,68,64,29,29.00,90.3,14,0.00
2015-11-04,68,63,34,29.12,90.6,12,0.00
2015-11-05,66,63,28,29.13,93.9,10,0.19
2015-11-06,76,66,40,29.06,90.5,12,1.46
2015-11-07,70,56,46,29.03,87.4,15,1.13
2015-11-08,56,46,37,29.13,87.2,24,2.39
2015-11-09,53,47,33,29.02,90.1,20,0.26
2015-11-10,66,53,28,28.99,81.2,14,0.00
2015-11-11,74,49,24,28.94,66.9,8,0.00
2015-11-12,70,52,36,28.90,79.1,20,0.02
2015-11-13,62,43,24,29.05,46.1,22,0.00
2015-11-14,62,39,24,29.22,37.4,14,0.00
2015-11-15,58,39,24,29.28,51.4,9,0.00
2015-11-16,67,43,25,29.17,63.2,12,0.00
2015-11-17,70,54,27,29.06,71.7,18,0.00
2015-11-18,71,56,44,28.92,89.7,16,2.07
2015-11-19,70,51,34,28.96,73.9,15,0.02
2015-11-20,69,46,24,29.06,57.4,13,0.00
2015-11-21,56,45,29,28.96,68.1,14,0.00
2015-11-22,52,35,24,28.96,57.5,21,0.00
2015-11-23,54,31,24,29.15,49.2,12,0.00
2015-11-24,57,34,24,29.26,50.2,10,0.00
2015-11-25,57,37,25,29.38,60.2,16,0.00
2015-11-26,68,45,24,29.45,62.1,18,0.00
2015-11-27,71,50,24,29.32,72.3,13,0.00
2015-11-28,70,52,24,29.17,74.8,7,0.00
2015-11-29,72,56,24,29.05,66.3,8,0.00
2015-11-30,71,61,24,28.99,72.6,14,0.00
2015-12-01,70,60,29,28.93,81.8,10,0.00
2015-12-02,63,47,38,28.84,82.3,15,0.37
2015-12-03,48,40,24,29.09,62.1,17,0.00
2015-12-04,56,39,24,29.34,50.6,17,0.00
2015-12-05,58,38,24,29.43,49.3,21,0.00
2015-12-06,65,42,24,29.31,54.8,13,0.00
2015-12-07,66,46,24,29.09,63.2,14,0.00
2015-12-08,63,40,24,29.02,61.8,8,0.00
2015-12-09,65,43,24,28.95,66.4,10,0.00
2015-12-10,66,51,31,28.92,79.5,9,0.00
2015-12-11,73,56,37,28.96,85.5,12,0.00
2015-12-12,72,54,32,29.12,81.8,8,0.00
2015-12-13,71,53,25,29.01,79.2,14,0.00
2015-12-14,68,54,43,28.73,83.8,23,0.52
2015-12-15,72,48,24,28.82,66.5,12,0.00
2015-12-16,71,47,28,28.85,72.4,12,0.29
2015-12-17,65,48,38,28.74,88.1,13,2.91
2015-12-18,47,33,26,28.99,67.4,23,0.00
2015-12-19,52,29,25,29.34,53.9,16,0.00
2015-12-20,54,34,24,29.33,49.1,12,0.00
2015-12-21,57,44,34,29.14,73.6,10,0.53
2015-12-22,64,53,36,28.90,91.9,9,0.38
2015-12-23,66,61,45,28.81,92.1,15,2.59
2015-12-24,72,65,72,28.94,90.7,28,12.81
2015-12-25,75,63,42,29.11,85.8,25,1.05
2015-12-26,76,60,29,29.13,82.1,13,0.03
2015-12-27,74,65,35,28.99,86.9,14,0.02
2015-12-28,72,66,47,28.84,87.4,24,2.72
2015-12-29,71,58,30,28.94,77.1,14,0.00
2015-12-30,66,58,59,29.06,91.0,15,3.54
2015-12-31,61,46,41,29.04,83.6,16,0.59
2016-01-01,46,39,24,29.10,67.9,16,0.00
2016-01-02,46,35,24,29.11,59.8,17,0.00
2016-01-03,52,35,24,28.96,55.9,15,0.00
2016-01-04,44,32,24,29.06,53.8,20,0.00
2016-01-05,43,26,24,29.33,44.8,13,0.00
2016-01-06,44,26,27,29.27,43.3,18,0.00
2016-01-07,60,41,29,29.04,58.9,16,0.00
2016-01-08,54,48,38,28.92,87.0,14,0.40
2016-01-09,51,48,36,28.77,90.3,14,0.50
2016-01-10,53,30,41,28.81,74.9,23,0.18
2016-01-11,44,23,24,29.08,49.0,15,0.00
2016-01-12,53,28,24,29.03,47.1,21,0.00
2016-01-13,50,30,24,29.09,48.2,14,0.00
2016-01-14,59,33,24,29.00,49.3,12,0.00
2016-01-15,51,40,44,28.62,84.2,20,2.54
2016-01-16,58,44,32,28.71,74.8,14,0.00
2016-01-17,47,34,28,28.82,69.1,18,0.17
2016-01-18,37,25,24,29.11,49.7,18,0.00
2016-01-19,39,20,24,29.26,43.5,16,0.00
2016-01-20,45,30,29,29.13,62.8,9,0.09
2016-01-21,49,37,36,29.03,83.9,16,0.81
2016-01-22,45,32,37,28.62,89.7,23,2.78
2016-01-23,34,27,32,28.79,71.9,28,0.00
2016-01-24,53,24,24,29.03,55.5,15,0.00
2016-01-25,57,33,24,29.11,49.2,10,0.00
2016-01-26,61,40,24,29.06,69.5,13,0.10
2016-01-27,50,39,30,28.99,83.6,14,0.14
2016-01-28,52,41,28,28.85,64.4,9,0.00
2016-01-29,57,38,24,28.86,50.9,20,0.00
2016-01-30,67,35,24,28.98,51.5,13,0.00
2016-01-31,67,46,29,28.96,72.0,15,0.00
2016-02-01,69,56,41,28.90,81.8,14,0.04
2016-02-02,76,54,35,28.94,85.2,22,0.01
2016-02-03,67,53,39,28.85,85.4,24,6.96
2016-02-04,52,37,24,29.00,52.8,23,0.00
2016-02-05,50,30,24,29.23,40.6,28,0.00
2016-02-06,51,32,24,29.19,42.3,13,0.00
2016-02-07,55,30,24,28.98,45.4,14,0.00
2016-02-08,52,36,24,28.74,46.4,21,0.00
2016-02-09,37,27,39,28.78,56.9,28,0.00
2016-02-10,38,22,24,29.00,44.3,22,0.00
2016-02-11,55,28,24,29.06,41.2,10,0.00
2016-02-12,63,39,24,29.02,47.2,21,0.00
2016-02-13,42,30,24,29.21,39.5,22,0.00
2016-02-14,48,28,24,29.18,36.9,15,0.00
2016-02-15,53,34,38,28.89,62.3,23,2.00
2016-02-16,60,41,31,28.75,69.7,24,0.12
2016-02-17,51,38,24,29.05,67.7,16,0.00
2016-02-18,61,33,24,29.28,55.3,10,0.00
2016-02-19,64,40,25,29.25,49.8,16,0.00
2016-02-20,63,50,31,29.13,74.5,10,0.00
2016-02-21,66,55,30,28.99,83.4,13,0.07
2016-02-22,63,58,54,28.87,89.1,12,3.39
2016-02-23,59,52,49,28.74,92.2,20,2.36
2016-02-24,64,41,45,28.49,78.5,25,1.44
2016-02-25,51,39,24,28.91,58.5,24,0.00
2016-02-26,52,36,24,29.11,51.5,22,0.00
2016-02-27,59,35,24,29.13,47.1,12,0.00
2016-02-28,68,39,24,29.06,41.5,17,0.00
2016-02-29,71,50,24,28.98,55.4,17,0.00
2016-03-01,71,52,31,28.88,70.4,45,1.07
2016-03-02,52,39,25,28.98,59.2,21,0.00
2016-03-03,48,37,41,28.93,76.3,18,2.61
2016-03-04,54,39,33,28.97,76.6,17,0.00
2016-03-05,63,36,24,29.04,58.6,9,0.00
2016-03-06,66,41,24,29.12,46.7,13,0.00
2016-03-07,69,44,24,29.17,51.3,12,0.00
2016-03-08,73,48,24,29.13,61.5,12,0.00
2016-03-09,75,54,23,29.09,63.7,18,0.00
2016-03-10,78,59,24,29.07,63.5,17,0.00
2016-03-11,78,62,24,29.08,68.8,12,0.00
2016-03-12,76,62,24,29.01,65.8,17,0.00
2016-03-13,77,64,32,28.81,66.3,15,0.00
2016-03-14,74,58,30,28.76,67.3,20,0.00
2016-03-15,84,55,24,28.79,51.3,15,0.00
2016-03-16,80,64,24,28.85,44.8,16,0.00
2016-03-17,76,55,24,28.87,29.0,12,0.00
2016-03-18,76,55,24,28.85,39.7,15,0.00
2016-03-19,73,56,24,28.80,66.9,17,0.01
2016-03-20,56,41,25,28.89,48.5,23,0.00
2016-03-21,57,37,24,29.11,48.9,21,0.00
2016-03-22,67,39,24,29.15,42.4,15,0.00
2016-03-23,71,45,24,29.07,53.8,16,0.00
2016-03-24,73,54,28,28.85,70.1,45,0.31
2016-03-25,73,59,31,28.79,67.9,15,0.00
2016-03-26,67,57,40,28.98,83.0,13,0.03
2016-03-27,66,61,40,28.99,89.7,9,0.35
2016-03-28,71,54,29,28.92,69.4,16,0.01
2016-03-29,72,45,24,29.01,44.1,14,0.00
2016-03-30,72,49,24,29.07,50.4,14,0.00
2016-03-31,72,62,30,28.84,77.6,20,0.11
2016-04-01,70,61,37,28.73,87.2,14,1.67
2016-04-02,64,52,25,28.78,54.9,25,0.01
2016-04-03,69,47,24,29.00,35.8,20,0.00
2016-04-04,77,46,24,28.99,42.0,15,0.00
2016-04-05,68,50,24,29.08,34.7,20,0.00
2016-04-06,66,46,24,29.03,55.7,15,0.00
2016-04-07,72,49,31,28.76,65.6,30,0.54
2016-04-08,64,49,24,28.84,48.2,23,0.00
2016-04-09,62,46,24,29.00,34.3,24,0.00
2016-04-10,63,41,25,29.17,38.4,14,0.00
2016-04-11,72,49,32,29.12,76.1,12,0.51
2016-04-12,71,56,30,29.00,72.8,20,0.16
2016-04-13,63,52,32,29.06,68.2,17,0.00
2016-04-14,68,56,24,29.03,67.6,20,0.01
2016-04-15,66,53,25,29.08,53.9,20,0.00
2016-04-16,71,56,24,29.17,50.6,21,0.00
2016-04-17,73,48,24,29.24,41.5,15,0.00
2016-04-18,80,51,24,29.20,41.2,10,0.00
2016-04-19,81,54,24,29.09,41.5,9,0.00
2016-04-20,81,63,24,29.00,44.1,12,0.00
2016-04-21,78,55,25,28.97,66.4,29,0.02
2016-04-22,72,62,34,28.89,81.9,14,0.42
2016-04-23,76,56,24,28.87,64.2,17,0.00
2016-04-24,79,57,24,28.95,53.3,12,0.00
2016-04-25,79,63,24,28.93,63.5,18,0.00
2016-04-26,81,62,24,28.86,67.0,13,0.00
2016-04-27,84,62,24,28.79,64.1,14,0.00
2016-04-28,84,66,33,28.84,71.0,13,0.00
2016-04-29,87,64,24,28.90,49.5,7,0.00
2016-04-30,85,69,30,28.86,62.5,22,0.98
2016-05-01,82,66,39,28.92,80.1,17,0.39
2016-05-02,82,67,24,28.90,71.0,15,0.00
2016-05-03,76,62,37,28.80,72.8,18,0.00
2016-05-04,70,54,26,28.70,60.2,28,0.02
2016-05-05,67,50,25,28.70,61.2,24,0.00
2016-05-06,71,46,24,28.82,53.3,21,0.00
2016-05-07,80,51,24,28.89,50.8,16,0.00
2016-05-08,86,60,24,28.91,45.8,14,0.00
2016-05-09,77,63,24,28.98,55.5,15,0.00
2016-05-10,80,66,24,29.02,61.5,13,0.00
2016-05-11,86,64,24,29.05,66.2,12,0.00
2016-05-12,85,68,24,29.00,65.8,16,0.01
2016-05-13,79,63,35,28.94,68.5,17,0.10
2016-05-14,82,54,24,28.89,52.3,22,0.00
2016-05-15,72,50,24,29.00,40.0,16,0.00
2016-05-16,76,55,24,29.06,41.0,14,0.00
2016-05-17,72,64,42,28.99,78.1,15,2.33
2016-05-18,80,66,32,28.91,75.8,9,0.00
2016-05-19,80,62,37,28.92,81.2,16,0.10
2016-05-20,68,61,43,28.97,90.5,17,0.04
2016-05-21,81,63,34,28.91,74.9,21,0.12
2016-05-22,79,58,24,28.88,53.8,21,0.00
2016-05-23,82,56,25,28.90,45.8,16,0.00
2016-05-24,84,61,24,29.02,49.0,9,0.00
2016-05-25,86,65,24,29.10,46.4,12,0.00
2016-05-26,87,70,26,29.04,54.2,9,0.00
2016-05-27,85,70,24,28.99,57.6,15,0.00
2016-05-28,86,66,24,29.02,50.1,13,0.00
2016-05-29,89,68,25,28.99,55.6,16,0.00
2016-05-30,92,68,24,28.91,53.6,15,0.00
2016-05-31,90,72,27,28.86,50.3,9,0.00
2016-06-01,91,72,26,28.91,61.1,13,0.00
2016-06-02,89,69,29,28.96,63.8,15,0.17
2016-06-03,92,70,24,28.95,60.0,12,0.00
2016-06-04,87,73,25,28.89,61.0,14,0.00
2016-06-05,83,71,28,28.82,77.1,14,0.11
2016-06-06,81,72,31,28.76,82.9,12,2.27
2016-06-07,89,69,34,28.70,70.4,18,0.29
2016-06-08,86,63,24,28.85,44.2,14,0.00
2016-06-09,88,63,25,28.93,46.1,9,0.00
2016-06-10,92,73,24,28.98,42.0,12,0.00
2016-06-11,93,73,24,29.03,47.9,10,0.00
2016-06-12,94,75,24,28.99,59.8,15,0.00
2016-06-13,96,75,24,28.88,54.2,12,0.00
2016-06-14,94,72,32,28.85,71.1,17,4.21
2016-06-15,88,72,30,28.90,74.8,18,0.00
2016-06-16,94,71,24,28.82,62.8,15,0.00
2016-06-17,93,73,29,28.78,73.0,24,0.08
2016-06-18,80,72,29,29.01,67.3,25,0.00
2016-06-19,83,69,24,29.20,53.3,17,0.00
2016-06-20,86,67,24,29.17,50.0,6,0.00
2016-06-21,92,69,24,29.04,49.1,12,0.00
2016-06-22,91,73,24,29.01,52.0,16,0.00
2016-06-23,92,72,24,28.99,53.5,16,0.00
2016-06-24,95,76,24,28.96,53.0,15,0.00
2016-06-25,99,76,24,28.98,49.5,15,0.00
2016-06-26,89,72,31,29.04,72.2,18,1.04
2016-06-27,93,71,26,28.98,66.5,23,0.00
2016-06-28,90,73,33,28.91,75.7,25,0.78
2016-06-29,93,71,24,28.89,59.0,7,0.00
2016-06-30,93,72,27,28.88,59.3,18,0.00
2016-07-01,94,75,32,28.92,62.4,15,0.00
2016-07-02,95,74,24,28.94,47.7,10,0.00
2016-07-03,97,74,25,28.95,51.5,17,0.00
2016-07-04,95,76,24,28.96,61.7,16,0.00
2016-07-05,89,72,41,28.99,77.7,22,2.90
2016-07-06,88,70,34,29.01,78.2,35,2.84
2016-07-07,93,71,27,28.96,69.8,18,0.00
2016-07-08,94,79,25,28.95,60.8,14,0.00
2016-07-09,93,77,25,28.94,61.3,12,0.00
2016-07-10,91,71,25,28.95,64.4,13,0.00
2016-07-11,90,72,28,28.99,71.4,21,0.03
2016-07-12,90,70,25,29.03,70.8,15,0.00
2016-07-13,93,72,24,29.04,61.1,14,0.00
2016-07-14,94,72,24,28.99,60.4,13,0.00
2016-07-15,91,74,24,28.95,65.8,13,0.00
2016-07-16,88,74,24,29.00,67.3,16,0.00
2016-07-17,92,72,24,29.10,70.0,12,0.00
2016-07-18,92,74,24,29.14,69.4,13,0.00
2016-07-19,96,74,30,29.09,69.8,15,0.59
2016-07-20,96,71,28,29.07,68.5,22,0.07
2016-07-21,95,74,28,29.05,73.8,24,0.02
2016-07-22,92,70,26,29.00,74.0,10,0.00
2016-07-23,92,76,25,28.94,68.6,13,0.00
2016-07-24,95,75,24,28.95,64.3,14,0.00
2016-07-25,97,77,26,28.95,64.3,9,0.38
2016-07-26,95,75,24,28.95,64.6,13,0.00
2016-07-27,91,74,29,28.96,72.6,12,0.00
2016-07-28,88,74,27,28.93,68.9,17,0.00
2016-07-29,92,73,24,28.93,69.2,17,0.00
2016-07-30,88,73,34,28.95,85.5,21,1.33
2016-07-31,93,73,35,28.96,84.2,22,1.39
2016-08-01,89,73,38,29.01,84.5,13,0.00
2016-08-02,91,73,35,28.99,85.9,29,0.04
2016-08-03,92,73,31,28.93,78.2,13,0.00
2016-08-04,91,77,28,28.91,76.2,15,0.26
2016-08-05,94,75,29,28.91,77.8,16,0.00
2016-08-06,95,73,24,28.85,67.9,13,0.00
2016-08-07,94,76,29,28.82,74.6,17,0.40
2016-08-08,88,76,32,28.84,82.0,14,0.47
2016-08-09,86,75,32,28.91,85.2,15,0.06
2016-08-10,86,75,38,29.00,86.4,14,0.37
2016-08-11,90,75,33,29.00,76.2,13,0.00
2016-08-12,91,76,27,28.93,73.0,15,0.00
2016-08-13,91,74,30,28.96,75.2,10,0.00
2016-08-14,93,73,26,29.03,65.6,12,0.00
2016-08-15,91,73,25,29.08,64.9,16,0.00
2016-08-16,92,76,26,29.10,70.8,13,0.00
2016-08-17,95,75,28,29.09,70.0,17,0.04
2016-08-18,96,74,27,29.02,71.3,20,0.07
2016-08-19,90,73,27,28.94,81.1,14,1.93
2016-08-20,87,73,30,28.88,81.3,12,0.03
2016-08-21,89,73,37,28.90,86.4,13,0.66
2016-08-22,88,72,24,29.03,68.6,12,0.00
2016-08-23,91,75,24,29.13,59.6,10,0.00
2016-08-24,85,73,41,29.15,86.1,21,1.90
2016-08-25,90,72,24,29.06,71.0,9,0.00
2016-08-26,92,76,24,29.00,62.0,12,0.00
2016-08-27,91,75,24,28.99,66.4,13,0.00
2016-08-28,91,74,24,29.03,68.2,13,0.00
2016-08-29,89,74,24,29.01,63.7,16,0.00
2016-08-30,90,73,26,28.97,63.1,16,0.00
2016-08-31,92,75,24,28.89,60.1,12,0.00
2016-09-01,91,74,25,28.81,72.0,10,0.99
2016-09-02,81,72,35,28.79,83.9,21,2.87
2016-09-03,80,69,24,28.98,62.1,10,0.00
2016-09-04,86,68,24,29.07,64.2,13,0.00
2016-09-05,87,69,24,29.12,61.5,7,0.00
2016-09-06,91,68,24,29.12,57.2,8,0.00
2016-09-07,92,70,24,29.09,52.6,8,0.00
2016-09-08,92,71,24,28.99,54.5,12,0.00
2016-09-09,92,69,24,28.97,53.3,13,0.00
2016-09-10,90,71,24,28.98,54.9,8,0.00
2016-09-11,89,73,24,28.99,65.2,12,0.00
2016-09-12,89,72,26,29.00,71.1,18,0.00
2016-09-13,86,70,27,29.05,73.2,13,0.00
2016-09-14,91,72,26,29.02,65.7,13,0.00
2016-09-15,92,72,24,28.99,56.5,12,0.00
2016-09-16,88,71,24,29.04,60.8,14,0.00
2016-09-17,86,70,24,29.02,65.4,10,0.00
2016-09-18,79,72,59,28.93,92.1,14,2.75
2016-09-19,88,71,34,28.90,82.2,14,0.00
2016-09-20,88,72,24,28.96,62.8,13,0.00
2016-09-21,90,71,24,28.98,60.9,13,0.00
2016-09-22,88,71,25,28.97,59.8,13,0.00
2016-09-23,89,70,24,28.97,64.5,9,0.00
2016-09-24,91,72,24,28.98,58.6,7,0.00
2016-09-25,91,70,24,28.97,59.3,8,0.00
2016-09-26,88,71,24,28.96,63.5,10,0.00
2016-09-27,88,70,28,28.86,73.5,23,0.06
2016-09-28,86,67,24,28.85,59.5,16,0.00
2016-09-29,78,60,24,28.90,52.2,14,0.00
2016-09-30,74,53,24,28.95,60.2,12,0.00
2016-10-01,79,56,25,28.97,56.8,10,0.00
2016-10-02,80,59,24,28.96,57.2,9,0.00
2016-10-03,85,61,24,28.91,56.2,10,0.00
2016-10-04,84,65,24,28.96,63.0,18,0.00
2016-10-05,82,62,24,29.03,57.9,20,0.00
2016-10-06,81,61,27,29.03,69.6,17,0.00
2016-10-07,78,67,32,28.90,81.5,17,0.24
2016-10-08,83,67,27,28.81,65.8,24,0.00
2016-10-09,81,53,24,29.05,40.4,12,0.00
2016-10-10,76,55,24,29.18,41.8,12,0.00
2016-10-11,75,51,24,29.21,50.7,14,0.00
2016-10-12,77,51,24,29.14,56.9,13,0.00
2016-10-13,82,57,25,29.08,56.1,13,0.00
2016-10-14,79,60,24,29.13,60.9,12,0.00
2016-10-15,78,63,32,29.17,79.5,14,0.00
2016-10-16,79,63,26,29.09,74.8,14,0.03
2016-10-17,82,62,24,28.97,65.7,9,0.00
2016-10-18,83,63,24,28.96,66.7,12,0.00
2016-10-19,87,66,24,28.99,59.5,8,0.00
2016-10-20,87,66,24,28.91,59.2,9,0.00
2016-10-21,72,54,28,28.84,60.1,25,0.00
2016-10-22,67,46,24,28.97,50.5,22,0.00
2016-10-23,75,45,24,29.13,43.9,9,0.00
2016-10-24,81,53,24,29.13,41.6,16,0.00
2016-10-25,78,56,24,29.16,45.9,15,0.00
2016-10-26,75,53,27,29.20,61.1,9,0.00
2016-10-27,80,61,26,29.17,64.0,14,0.00
2016-10-28,83,60,24,29.13,59.7,8,0.00
2016-10-29,85,59,24,29.12,54.0,8,0.00
2016-10-30,85,58,24,29.05,54.0,12,0.00
2016-10-31,86,62,24,29.01,49.8,8,0.00
2016-11-01,82,60,25,29.12,59.0,12,0.00
2016-11-02,76,61,30,29.21,80.1,9,0.00
2016-11-03,83,63,24,29.11,62.9,12,0.00
2016-11-04,80,62,24,29.05,52.4,14,0.00
2016-11-05,71,53,24,29.19,51.8,12,0.00
2016-11-06,73,48,24,29.20,47.5,7,0.00
2016-11-07,72,51,24,29.23,44.8,14,0.00
2016-11-08,67,49,24,29.15,48.7,8,0.00
2016-11-09,70,53,24,29.02,48.6,21,0.00
2016-11-10,70,42,24,29.08,49.2,10,0.00
2016-11-11,69,45,24,28.97,42.2,15,0.00
2016-11-12,62,54,24,29.10,46.3,23,0.00
2016-11-13,54,45,27,29.12,63.7,17,0.00
2016-11-14,67,41,24,28.97,65.3,10,0.00
2016-11-15,70,44,24,28.89,54.7,13,0.00
2016-11-16,73,47,24,28.91,54.6,13,0.00
2016-11-17,78,48,24,29.02,47.5,6,0.00
2016-11-18,79,49,24,29.07,48.2,8,0.00
2016-11-19,60,41,25,29.07,53.5,24,0.00
2016-11-20,55,37,24,29.11,31.6,22,0.00
2016-11-21,60,36,24,29.07,26.1,16,0.00
2016-11-22,64,39,24,29.13,26.1,9,0.00
2016-11-23,68,44,24,29.12,48.8,12,0.00
2016-11-24,76,54,31,29.11,72.0,14,0.00
2016-11-25,74,51,24,29.12,65.8,18,0.00
2016-11-26,61,39,24,29.14,58.7,20,0.00
2016-11-27,60,36,24,29.10,49.9,10,0.00
2016-11-28,68,47,26,28.88,57.2,22,0.00
2016-11-29,69,55,50,28.74,93.5,22,5.38
2016-11-30,73,51,44,28.72,89.1,21,1.85
2016-12-01,58,41,24,28.92,60.9,18,0.00
2016-12-02,60,38,24,29.10,52.2,15,0.00
2016-12-03,57,42,23,29.13,63.4,9,0.09
2016-12-04,47,44,40,29.00,96.1,17,1.50
2016-12-05,53,44,37,28.87,96.6,17,1.35
2016-12-06,62,52,37,28.72,93.8,15,0.22
2016-12-07,61,44,28,28.93,78.4,12,0.00
2016-12-08,48,36,24,29.14,57.8,21,0.00
2016-12-09,43,28,24,29.31,50.0,17,0.00
2016-12-10,49,26,24,29.35,48.4,9,0.00
2016-12-11,50,31,30,29.20,56.6,12,0.00
2016-12-12,64,41,37,28.97,80.5,12,0.00
2016-12-13,54,51,35,28.94,95.5,10,0.07
2016-12-14,58,40,28,28.98,77.8,16,0.00
2016-12-15,44,30,24,29.13,49.9,21,0.00
2016-12-16,47,28,25,29.16,45.2,15,0.00
2016-12-17,67,37,31,28.98,78.4,13,0.00
2016-12-18,71,34,37,29.06,89.2,33,0.18
2016-12-19,44,32,29,29.35,83.2,14,0.00
2016-12-20,48,36,32,29.31,88.5,12,0.00
2016-12-21,62,33,24,29.16,60.1,8,0.00
2016-12-22,66,46,24,29.13,49.2,15,0.00
2016-12-23,62,41,24,29.23,46.9,13,0.00
2016-12-24,73,48,30,29.19,70.1,10,0.00
2016-12-25,73,52,24,29.23,78.5,9,0.00
2016-12-26,60,55,36,29.31,92.7,14,0.00
2016-12-27,71,55,30,29.11,88.8,14,0.01
2016-12-28,65,48,27,29.01,71.7,12,0.00
2016-12-29,65,43,36,28.90,67.1,28,1.30
2016-12-30,50,36,24,29.11,36.9,18,0.00
2016-12-31,47,35,25,29.06,62.6,10,0.14
2017-01-01,52,42,31,28.99,98.5,22,0.98
2017-01-02,58,50,40,28.99,99.0,24,3.72
2017-01-03,65,55,42,28.77,89.4,15,0.00
2017-01-04,54,39,28,28.81,74.3,22,0.00
2017-01-05,56,32,25,28.83,58.5,13,0.00
2017-01-06,44,31,30,28.91,81.0,16,0.62
2017-01-07,30,21,32,29.13,80.2,28,0.01
2017-01-08,35,15,24,29.50,54.9,15,0.00
2017-01-09,45,27,24,29.49,40.3,13,0.00
2017-01-10,57,30,25,29.28,55.8,20,0.00
2017-01-11,69,53,26,29.18,62.7,14,0.00
2017-01-12,72,50,24,29.23,72.2,14,0.00
2017-01-13,74,55,24,29.35,78.5,9,0.00
2017-01-14,74,53,24,29.31,74.7,7,0.00
2017-01-15,73,51,24,29.19,66.4,7,0.00
2017-01-16,71,52,24,29.16,75.3,9,0.00
2017-01-17,74,54,25,29.09,78.1,17,0.00
2017-01-18,70,58,32,29.01,79.0,17,0.00
2017-01-19,75,55,25,28.88,72.4,13,0.24
2017-01-20,74,61,40,28.75,84.2,16,0.40
2017-01-21,64,56,50,28.66,95.0,30,7.43
2017-01-22,62,50,59,28.37,95.4,30,1.40
2017-01-23,55,48,38,28.30,87.8,29,0.65
2017-01-24,61,45,24,28.74,63.6,24,0.00
2017-01-25,71,43,24,28.77,59.1,18,0.00
2017-01-26,63,42,30,28.79,64.1,22,0.29
2017-01-27,47,34,24,28.95,59.5,20,0.00
2017-01-28,52,32,24,28.93,47.3,17,0.00
2017-01-29,51,33,24,28.86,52.5,21,0.00
2017-01-30,56,33,24,28.98,52.7,18,0.00
2017-01-31,73,41,24,28.96,48.2,15,0.00
2017-02-01,70,50,26,29.01,60.5,17,0.00
2017-02-02,69,49,27,29.06,76.1,14,0.01
2017-02-03,55,35,30,29.11,62.0,20,0.03
2017-02-04,49,32,24,29.23,31.0,16,0.00
2017-02-05,52,35,34,29.10,80.5,15,0.09
2017-02-06,70,45,29,29.05,83.0,10,0.00
2017-02-07,67,56,35,28.82,84.9,17,1.21
2017-02-08,66,55,41,28.70,94.6,20,0.04
2017-02-09,64,37,27,28.99,62.2,28,0.35
2017-02-10,63,31,24,29.23,36.3,12,0.00
2017-02-11,69,47,33,29.09,69.9,15,0.00
2017-02-12,72,59,38,28.99,82.2,21,0.02
2017-02-13,66,44,24,29.03,38.1,16,0.00
2017-02-14,71,40,24,28.84,31.6,8,0.00
2017-02-15,62,43,38,28.60,69.7,29,1.07
2017-02-16,59,35,24,28.90,38.8,16,0.00
2017-02-17,69,42,24,28.93,34.7,14,0.00
2017-02-18,61,49,28,28.88,68.2,14,0.06
2017-02-19,68,52,36,28.96,79.4,16,0.00
2017-02-20,74,50,24,29.05,58.0,8,0.00
2017-02-21,69,56,30,28.95,77.9,12,0.32
2017-02-22,70,58,40,28.79,89.0,17,0.32
2017-02-23,75,56,25,28.78,73.1,10,0.00
2017-02-24,78,56,24,28.76,65.0,14,0.00
2017-02-25,66,45,30,28.77,53.3,22,0.00
2017-02-26,62,36,24,29.08,33.8,14,0.00
2017-02-27,56,47,27,29.16,61.7,13,0.07
2017-02-28,69,50,29,29.13,81.8,13,0.00
2017-03-01,79,60,37,28.91,79.9,23,0.27
2017-03-02,57,43,24,29.11,39.7,29,0.00
2017-03-03,57,37,24,29.35,37.2,23,0.00
2017-03-04,63,37,24,29.42,32.2,10,0.00
2017-03-05,66,43,24,29.34,39.4,12,0.00
2017-03-06,69,55,24,29.25,55.2,16,0.00
2017-03-07,69,56,28,29.15,79.2,29,0.85
2017-03-08,69,50,31,29.17,57.9,20,0.08
2017-03-09,75,43,23,29.11,36.6,10,0.00
2017-03-10,71,50,32,28.98,64.1,30,0.85
2017-03-11,58,40,24,29.12,46.0,13,0.09
2017-03-12,45,37,43,29.15,90.6,16,0.58
2017-03-13,42,36,38,29.00,89.1,16,0.18
2017-03-14,44,33,38,28.87,81.0,25,0.09
2017-03-15,43,28,25,29.14,47.5,18,0.00
2017-03-16,55,25,25,29.23,35.3,17,0.00
2017-03-17,68,37,25,29.22,42.9,13,0.00
2017-03-18,70,54,29,29.07,67.1,18,0.20
2017-03-19,63,42,24,29.11,43.6,20,0.00
2017-03-20,76,44,24,29.07,44.3,12,0.00
2017-03-21,85,60,29,28.92,57.5,37,0.00
2017-03-22,67,54,24,29.03,63.2,18,0.00
2017-03-23,65,51,25,29.26,44.0,20,0.00
2017-03-24,72,55,28,29.27,56.4,14,0.00
2017-03-25,74,56,24,29.10,59.2,16,0.00
2017-03-26,78,58,30,28.99,74.1,15,0.62
2017-03-27,77,59,33,28.96,74.6,14,0.00
2017-03-28,80,62,29,28.89,73.6,16,0.11
2017-03-29,84,60,24,28.92,59.2,8,0.00
2017-03-30,81,63,29,28.81,62.9,21,0.32
2017-03-31,73,60,26,28.73,64.8,20,0.15
2017-04-01,76,52,24,28.93,56.4,15,0.00
2017-04-02,82,55,24,28.96,49.1,14,0.00
2017-04-03,69,59,40,28.76,85.4,29,1.00
2017-04-04,82,60,29,28.75,67.8,15,0.00
2017-04-05,67,61,71,28.72,92.1,24,15.31
2017-04-06,61,48,24,28.77,57.2,28,0.00
2017-04-07,62,44,24,28.93,47.0,21,0.00
2017-04-08,70,41,24,28.99,37.3,10,0.00
2017-04-09,76,46,24,29.05,37.5,9,0.00
2017-04-10,78,53,25,29.14,47.6,9,0.00
2017-04-11,79,57,24,29.15,55.1,8,0.00
2017-04-12,79,60,25,29.13,56.0,12,0.00
2017-04-13,82,61,24,29.14,55.2,9,0.00
2017-04-14,81,62,25,29.16,55.9,10,0.00
2017-04-15,80,61,24,29.18,57.7,15,0.00
2017-04-16,80,62,24,29.12,57.4,14,0.00
2017-04-17,80,62,30,29.02,66.0,17,0.00
2017-04-18,79,64,29,29.07,72.1,21,0.00
2017-04-19,78,63,27,29.14,79.3,16,0.02
2017-04-20,84,64,30,29.07,76.7,16,0.00
2017-04-21,83,64,24,28.91,61.5,13,0.00
2017-04-22,81,62,24,28.81,57.2,15,0.00
2017-04-23,72,55,51,28.72,88.8,20,1.75
2017-04-24,65,52,48,28.67,90.3,13,0.20
2017-04-25,77,57,31,28.67,75.2,16,0.00
2017-04-26,80,59,24,28.71,64.9,16,0.00
2017-04-27,79,64,41,28.72,84.0,17,0.01
2017-04-28,84,67,29,28.91,79.2,14,0.00
2017-04-29,86,69,24,29.01,68.8,15,0.00
2017-04-30,82,69,32,28.97,77.4,15,0.00
2017-05-01,74,61,32,28.83,67.2,20,0.75
2017-05-02,79,50,24,28.92,42.2,14,0.00
2017-05-03,83,58,24,28.93,39.5,13,0.00
2017-05-04,72,57,45,28.67,87.1,30,1.48
2017-05-05,55,49,44,28.53,89.3,20,0.07
2017-05-06,72,45,31,28.69,66.1,21,0.00
2017-05-07,70,50,24,28.89,53.8,16,0.00
2017-05-08,78,51,24,28.97,50.3,15,0.00
2017-05-09,85,59,24,28.96,50.0,15,0.00
2017-05-10,86,63,24,28.95,57.2,12,0.00
2017-05-11,86,66,24,28.88,60.6,14,0.00
2017-05-12,82,65,25,28.74,73.4,14,0.32
2017-05-13,77,63,28,28.70,72.7,15,0.02
2017-05-14,83,62,26,28.87,56.7,12,0.00
2017-05-15,87,64,24,28.92,53.2,9,0.00
2017-05-16,89,66,24,28.96,52.2,10,0.00
2017-05-17,88,67,24,28.97,51.6,14,0.00
2017-05-18,88,73,24,28.99,58.9,10,0.00
2017-05-19,89,71,24,28.99,57.3,15,0.00
2017-05-20,85,69,29,28.99,73.1,31,0.11
2017-05-21,83,68,44,29.00,85.6,24,1.96
2017-05-22,78,69,36,28.93,87.0,12,0.61
2017-05-23,73,66,48,28.74,91.7,16,3.15
2017-05-24,77,60,37,28.51,78.6,21,0.00
2017-05-25,72,56,33,28.65,73.8,17,0.05
2017-05-26,83,57,24,28.92,60.2,14,0.00
2017-05-27,83,66,24,28.93,71.2,14,0.00
2017-05-28,84,65,35,28.87,78.1,28,1.97
2017-05-29,83,69,32,28.94,81.3,21,0.29
2017-05-30,76,68,32,29.02,86.8,17,0.90
2017-05-31,83,67,30,29.02,78.0,10,0.00
2017-06-01,85,68,26,29.00,75.9,10,0.00
2017-06-02,87,68,24,28.97,64.6,12,0.00
2017-06-03,87,69,26,28.95,65.2,10,0.00
2017-06-04,81,71,32,28.90,85.4,13,2.26
2017-06-05,83,71,48,28.78,87.6,20,0.55
2017-06-06,78,70,27,28.71,86.9,12,0.08
2017-06-07,80,67,28,28.73,72.2,20,0.20
2017-06-08,79,65,28,28.81,72.7,12,0.87
2017-06-09,82,65,24,28.87,62.8,12,0.00
2017-06-10,85,66,24,28.99,58.0,9,0.00
2017-06-11,87,69,26,29.08,72.3,13,0.00
2017-06-12,84,72,40,29.07,78.6,15,0.32
2017-06-13,87,72,24,29.01,70.9,8,0.00
2017-06-14,88,71,28,28.96,69.6,12,0.00
2017-06-15,90,70,32,28.89,71.2,36,0.11
2017-06-16,85,67,26,28.82,75.5,16,0.41
2017-06-17,89,69,29,28.79,78.0,21,0.71
2017-06-18,81,71,33,28.86,85.7,15,0.50
2017-06-19,87,72,25,28.91,79.8,13,0.00
2017-06-20,76,71,43,28.97,93.9,14,2.55
2017-06-21,79,70,37,29.00,92.0,9,0.04
2017-06-22,83,72,35,28.98,91.7,12,0.23
2017-06-23,88,72,29,28.90,79.9,29,1.29
2017-06-24,82,72,49,28.93,91.5,16,1.14
2017-06-25,80,68,24,29.03,74.8,14,0.00
2017-06-26,85,63,24,29.03,53.7,13,0.00
2017-06-27,84,66,24,28.98,52.2,16,0.00
2017-06-28,87,66,24,29.03,56.7,13,0.00
2017-06-29,83,71,34,29.04,83.7,30,1.52
2017-06-30,81,70,36,28.99,90.3,20,0.66
2017-07-01,85,71,44,29.01,83.2,16,0.01
2017-07-02,89,70,28,29.04,80.5,16,0.91
2017-07-03,87,71,33,29.01,82.2,14,0.30
2017-07-04,90,71,29,29.00,80.4,20,1.26
2017-07-05,90,72,24,29.04,72.5,12,0.00
2017-07-06,90,74,26,29.03,70.3,14,0.00
2017-07-07,90,72,34,28.96,72.6,15,0.24
2017-07-08,90,71,33,28.93,80.2,18,0.04
2017-07-09,90,71,27,28.96,66.7,18,0.00
2017-07-10,90,72,26,28.97,70.0,10,0.00
2017-07-11,88,73,31,29.00,75.5,21,0.00
2017-07-12,89,72,29,29.07,74.7,10,0.00
2017-07-13,91,74,27,29.08,66.3,9,0.00
2017-07-14,91,75,28,29.05,70.5,16,0.95
2017-07-15,90,74,24,28.99,73.4,15,0.00
2017-07-16,82,73,31,28.93,83.9,12,0.80
2017-07-17,87,68,39,28.93,78.9,30,0.89
2017-07-18,88,70,24,29.00,72.7,12,0.03
2017-07-19,92,74,24,29.03,65.5,12,0.00
2017-07-20,93,74,24,28.99,64.8,14,0.00
2017-07-21,91,77,24,28.94,68.6,17,0.00
2017-07-22,91,74,28,28.92,77.0,24,0.00
2017-07-23,90,75,25,28.86,74.4,14,0.00
2017-07-24,91,75,32,28.89,76.9,16,0.00
2017-07-25,88,73,27,28.99,77.7,13,0.00
2017-07-26,94,74,26,29.01,65.8,14,0.00
2017-07-27,90,72,32,28.95,77.2,23,0.25
2017-07-28,84,73,25,28.81,82.5,15,0.02
2017-07-29,89,75,27,28.73,69.1,20,0.00
2017-07-30,85,71,24,28.91,56.0,20,0.00
2017-07-31,86,68,24,29.00,49.0,13,0.00
2017-08-01,86,69,24,29.00,52.4,9,0.00
2017-08-02,85,72,24,29.01,56.5,8,0.00
2017-08-03,83,70,26,29.01,70.5,9,0.01
2017-08-04,86,69,33,28.97,80.5,12,0.00
2017-08-05,87,70,28,28.96,74.1,12,0.09
2017-08-06,87,72,32,28.96,74.2,12,0.56
2017-08-07,84,73,38,28.94,85.5,15,1.54
2017-08-08,76,71,41,28.95,90.3,14,3.13
2017-08-09,80,71,37,29.04,90.1,14,0.16
2017-08-10,84,72,37,29.07,87.5,29,3.91
2017-08-11,87,72,26,28.98,82.2,10,0.00
2017-08-12,89,73,26,28.89,77.9,10,0.00
2017-08-13,90,73,24,28.88,73.3,9,0.00
2017-08-14,91,75,24,28.85,74.5,14,0.03
2017-08-15,88,74,33,28.88,80.8,13,0.00
2017-08-16,91,74,24,28.96,74.2,9,0.00
2017-08-17,89,77,24,28.96,72.2,15,0.00
2017-08-18,89,75,26,28.91,69.0,14,0.00
2017-08-19,89,69,24,28.92,64.5,9,0.00
2017-08-20,91,74,24,28.99,59.2,9,0.00
2017-08-21,91,76,24,29.07,64.2,9,0.00
2017-08-22,92,74,24,29.00,69.2,10,0.00
2017-08-23,87,74,24,28.87,69.2,13,0.00
2017-08-24,89,67,24,28.85,58.1,13,0.00
2017-08-25,85,73,25,28.95,70.1,14,0.00
2017-08-26,84,72,24,29.01,72.4,13,0.00
2017-08-27,84,72,24,28.97,65.4,16,0.00
2017-08-28,79,69,24,28.93,58.7,21,0.00
2017-08-29,82,69,29,28.91,65.1,14,0.00
2017-08-30,73,69,28,28.97,86.8,13,0.54
2017-08-31,82,69,40,28.94,90.3,13,0.82
2017-09-01,82,68,29,28.84,77.4,22,0.18
2017-09-02,82,62,24,28.96,69.0,14,0.00
2017-09-03,83,63,24,29.02,65.8,12,0.00
2017-09-04,86,63,24,28.98,67.2,12,0.00
2017-09-05,85,68,31,28.87,75.5,15,0.27
2017-09-06,75,61,31,28.85,78.8,17,0.08
2017-09-07,77,54,24,29.00,56.3,12,0.00
2017-09-08,79,57,24,29.06,58.2,12,0.00
2017-09-09,79,62,24,29.08,54.1,25,0.00
2017-09-10,72,61,24,29.09,53.9,29,0.00
2017-09-11,64,57,42,28.66,89.6,43,5.77
2017-09-12,64,59,42,28.62,93.8,18,0.44
2017-09-13,75,60,30,28.82,80.4,15,0.00
2017-09-14,79,67,24,28.90,75.8,10,0.00
2017-09-15,82,66,24,28.98,73.5,6,0.00
2017-09-16,86,68,24,29.02,69.1,9,0.00
2017-09-17,87,68,24,29.00,66.2,9,0.00
2017-09-18,87,67,25,28.95,65.5,10,0.00
2017-09-19,88,66,24,28.91,66.2,9,0.00
2017-09-20,88,70,24,28.94,69.1,8,0.00
2017-09-21,88,70,30,28.95,67.4,15,0.31
2017-09-22,89,70,24,28.95,68.7,9,0.00
2017-09-23,86,70,24,28.95,66.4,9,0.00
2017-09-24,84,69,25,28.95,66.8,15,0.00
2017-09-25,85,71,24,28.91,59.2,14,0.00
2017-09-26,87,68,24,28.89,61.2,13,0.00
2017-09-27,89,67,24,28.86,64.1,13,0.00
2017-09-28,91,68,24,28.86,64.3,12,0.00
2017-09-29,88,68,24,28.92,63.8,12,0.00
2017-09-30,81,66,24,29.02,57.4,21,0.00
2017-10-01,73,58,24,29.12,48.3,24,0.00
2017-10-02,76,58,26,29.19,62.3,17,0.00
2017-10-03,79,61,23,29.29,64.2,17,0.00
2017-10-04,80,61,24,29.26,59.5,17,0.00
2017-10-05,82,61,24,29.11,60.0,13,0.00
2017-10-06,83,63,28,29.01,68.0,12,0.00
2017-10-07,81,71,36,28.92,85.6,12,0.00
2017-10-08,76,73,53,28.75,91.5,21,3.63
2017-10-09,77,73,48,28.88,94.9,14,1.09
2017-10-10,85,73,28,28.99,85.0,9,0.00
2017-10-11,87,71,27,28.98,76.7,13,0.00
2017-10-12,86,67,24,28.97,64.7,12,0.00
2017-10-13,83,67,34,29.08,79.9,16,0.00
2017-10-14,74,67,28,29.13,81.8,12,0.00
2017-10-15,82,65,28,29.04,84.1,12,0.00
2017-10-16,73,56,29,29.00,75.7,21,0.11
2017-10-17,68,51,24,29.17,54.8,21,0.00
2017-10-18,70,48,24,29.19,58.5,14,0.00
2017-10-19,76,50,24,29.17,53.0,10,0.00
2017-10-20,79,49,24,29.14,53.2,9,0.00
2017-10-21,76,54,24,29.16,65.1,10,0.00
2017-10-22,78,58,30,29.10,81.8,16,0.00
2017-10-23,72,55,40,28.85,91.2,20,3.16
2017-10-24,67,49,24,28.85,69.1,20,0.00
2017-10-25,61,42,24,28.86,64.1,16,0.00
2017-10-26,72,42,24,28.90,62.1,10,0.00
2017-10-27,73,49,24,28.93,63.8,13,0.00
2017-10-28,65,43,40,28.74,88.7,22,1.35
2017-10-29,43,36,26,28.72,76.9,25,0.00
2017-10-30,65,33,24,28.91,64.8,13,0.00
2017-10-31,71,47,24,29.03,64.5,8,0.00
2017-11-01,70,49,25,29.04,70.4,13,0.00
2017-11-02,75,59,24,29.10,72.3,10,0.00
2017-11-03,79,60,24,29.07,85.0,9,0.00
2017-11-04,79,62,27,29.01,84.9,9,0.04
2017-11-05,76,64,28,29.02,89.7,8,0.00
2017-11-06,78,62,28,28.98,84.5,13,0.00
2017-11-07,79,63,36,28.94,89.1,13,0.00
2017-11-08,66,51,44,28.95,96.2,17,0.91
2017-11-09,54,49,35,29.00,95.4,12,0.49
2017-11-10,64,43,24,29.11,71.4,12,0.00
2017-11-11,53,42,25,29.25,72.3,17,0.00
2017-11-12,49,44,36,29.23,83.8,14,0.00
2017-11-13,65,45,35,29.19,87.3,14,0.00
2017-11-14,60,42,25,29.13,80.0,12,0.00
2017-11-15,57,41,24,29.05,73.3,13,0.00
2017-11-16,67,46,25,29.01,67.3,14,0.00
2017-11-17,66,41,24,29.03,64.0,13,0.00
2017-11-18,68,46,40,28.80,84.6,32,0.42
2017-11-19,56,39,26,28.91,63.7,26,0.00
2017-11-20,59,32,24,29.08,59.8,13,0.00
2017-11-21,66,43,24,28.98,76.5,12,0.00
2017-11-22,61,44,27,28.95,70.1,15,0.00
2017-11-23,61,42,26,28.94,59.6,12,0.00
2017-11-24,63,42,24,28.90,70.3,6,0.00
2017-11-25,62,43,24,28.90,71.6,12,0.00
2017-11-26,62,42,24,29.03,49.6,16,0.00
2017-11-27,63,36,24,29.08,49.2,13,0.00
2017-11-28,66,41,24,29.17,56.5,10,0.00
2017-11-29,65,48,47,29.18,93.6,8,0.00
2017-11-30,70,52,32,29.06,93.4,13,0.00
2017-12-01,65,55,37,29.03,92.6,9,0.00
2017-12-02,70,51,30,29.05,85.1,6,0.00
2017-12-03,68,51,26,29.08,76.1,12,0.00
2017-12-04,65,48,24,29.13,80.2,14,0.00
2017-12-05,70,55,36,29.05,91.1,23,0.40
2017-12-06,55,38,29,29.03,75.3,17,0.11
2017-12-07,47,41,24,29.03,61.3,14,0.00
2017-12-08,43,33,51,28.90,96.1,16,2.04
2017-12-09,39,31,45,28.86,92.7,15,0.43
2017-12-10,44,26,24,29.13,67.7,12,0.00
2017-12-11,61,31,24,29.01,61.4,10,0.00
2017-12-12,49,36,24,28.83,61.2,28,0.00
2017-12-13,49,28,24,28.88,37.7,16,0.00
2017-12-14,57,39,24,28.83,57.2,10,0.00
2017-12-15,46,30,24,28.98,67.4,18,0.00
2017-12-16,52,27,24,29.15,64.2,10,0.00
2017-12-17,48,37,32,29.10,84.1,10,0.31
2017-12-18,62,47,40,29.08,96.5,10,0.00
2017-12-19,62,46,54,29.08,95.4,8,0.00
2017-12-20,66,58,56,28.84,98.5,17,4.78
2017-12-21,58,52,36,28.99,99.4,13,0.03
2017-12-22,57,51,39,29.07,99.0,12,0.03
2017-12-23,68,49,39,28.92,94.2,21,1.30
2017-12-24,49,41,29,28.99,85.6,18,0.00
2017-12-25,40,31,26,29.20,57.3,18,0.00
2017-12-26,49,30,24,29.26,46.0,13,0.00
2017-12-27,43,36,24,29.26,72.1,12,0.12
2017-12-28,44,32,24,29.27,59.9,15,0.00
2017-12-29,51,36,24,29.17,53.7,8,0.00
2017-12-30,51,33,25,29.02,67.2,16,0.00
2017-12-31,36,28,25,29.09,66.8,16,0.00
2018-01-01,28,18,28,29.32,53.2,17,0.00
2018-01-02,35,13,24,29.35,48.1,10,0.00
2018-01-03,38,27,24,29.05,34.4,15,0.00
2018-01-04,34,20,24,28.98,43.8,22,0.00
2018-01-05,38,17,24,29.19,41.0,17,0.00
2018-01-06,39,22,24,29.32,40.7,15,0.00
2018-01-07,39,22,24,29.34,38.2,13,0.00
2018-01-08,43,30,31,29.15,62.5,13,0.30
2018-01-09,64,37,30,29.11,87.8,10,0.00
2018-01-10,64,53,43,29.11,86.0,15,0.00
2018-01-11,59,53,36,28.95,99.8,16,0.06
2018-01-12,63,28,41,28.68,94.0,28,0.72
2018-01-13,37,23,25,29.11,70.8,24,0.00
2018-01-14,41,18,24,29.34,56.1,16,0.00
2018-01-15,48,27,24,29.31,56.8,10,0.00
2018-01-16,49,27,28,29.26,69.8,17,0.01
2018-01-17,26,14,36,29.25,76.3,24,0.29
2018-01-18,40,15,24,29.26,55.1,16,0.00
2018-01-19,54,26,24,29.17,37.4,13,0.00
2018-01-20,63,33,24,29.14,49.3,12,0.00
2018-01-21,68,40,24,29.11,62.7,8,0.00
2018-01-22,62,47,36,28.91,90.8,21,2.30
2018-01-23,63,41,29,28.88,65.3,20,0.00
2018-01-24,53,35,24,29.14,56.5,18,0.00
2018-01-25,57,33,24,29.35,48.2,10,0.00
2018-01-26,57,36,24,29.42,46.3,10,0.00
2018-01-27,57,49,26,29.29,80.0,12,0.06
2018-01-28,56,53,51,29.08,99.6,10,2.10
2018-01-29,56,42,29,29.00,71.5,23,0.03
2018-01-30,45,31,26,29.21,52.3,24,0.00
2018-01-31,55,30,24,29.15,44.8,12,0.00
2018-02-01,63,40,26,29.01,68.7,28,0.15
2018-02-02,44,32,24,29.21,55.5,22,0.01
2018-02-03,49,32,25,29.22,38.1,12,0.00
2018-02-04,48,35,43,28.90,90.4,17,3.22
2018-02-05,52,38,29,29.05,73.3,18,0.00
2018-02-06,69,41,24,29.16,57.5,9,0.00
2018-02-07,62,42,49,29.01,93.7,23,3.62
2018-02-08,58,34,25,29.26,64.5,20,0.00
2018-02-09,61,38,30,29.21,71.6,12,1.56
2018-02-10,65,51,40,29.01,99.5,12,0.40
2018-02-11,67,61,43,28.94,98.0,15,1.18
2018-02-12,62,51,40,29.17,92.8,16,0.05
2018-02-13,56,47,34,29.41,82.9,20,0.01
2018-02-14,60,48,37,29.32,93.4,8,0.00
2018-02-15,70,59,38,29.11,89.9,15,0.03
2018-02-16,74,55,30,28.98,84.3,20,0.04
2018-02-17,77,51,35,29.02,79.9,20,0.02
2018-02-18,66,49,34,29.12,84.1,16,0.07
2018-02-19,76,59,31,29.19,91.7,15,0.01
2018-02-20,74,57,37,29.24,90.6,13,0.00
2018-02-21,77,66,35,29.27,88.2,13,0.12
2018-02-22,79,63,26,29.30,81.0,12,0.00
2018-02-23,77,60,32,29.26,83.5,10,0.00
2018-02-24,79,63,24,29.04,68.6,20,0.00
2018-02-25,68,59,39,29.02,89.9,24,0.65
2018-02-26,66,49,29,29.09,88.0,13,1.00
2018-02-27,65,45,24,29.21,65.9,14,0.00
2018-02-28,64,52,39,28.98,92.6,13,0.40
2018-03-01,73,54,42,28.79,91.8,29,0.30
2018-03-02,58,45,24,29.08,50.6,22,0.00
2018-03-03,63,38,24,29.13,40.0,20,0.00
2018-03-04,66,38,24,29.10,36.6,10,0.00
2018-03-05,58,44,24,28.96,49.8,9,0.00
2018-03-06,60,49,40,28.74,88.0,20,1.21
2018-03-07,50,39,24,28.86,49.8,23,0.00
2018-03-08,48,31,24,28.94,56.6,23,0.00
2018-03-09,60,30,23,28.98,48.1,12,0.00
2018-03-10,66,41,24,28.90,64.9,12,0.00
2018-03-11,57,53,45,28.81,97.8,12,1.79
2018-03-12,53,39,34,28.76,78.1,28,0.30
2018-03-13,54,35,24,28.97,54.1,20,0.00
2018-03-14,51,36,24,29.00,45.2,20,0.00
2018-03-15,67,35,25,28.95,37.5,18,0.00
2018-03-16,70,47,24,28.94,47.3,14,0.00
2018-03-17,74,55,27,28.87,78.2,16,0.02
2018-03-18,76,57,24,28.80,59.1,13,0.00
2018-03-19,65,57,38,28.63,96.4,25,2.60
2018-03-20,68,48,35,28.51,86.3,25,0.57
2018-03-21,49,36,29,28.80,63.2,29,0.00
2018-03-22,56,34,24,29.12,52.4,22,0.00
2018-03-23,63,39,24,29.14,51.0,13,0.00
2018-03-24,73,51,24,28.95,58.4,15,0.00
2018-03-25,69,43,35,28.96,91.1,17,0.58
2018-03-26,48,45,26,29.26,64.4,24,0.00
2018-03-27,59,46,25,29.24,75.4,14,0.00
2018-03-28,76,48,26,29.02,73.7,17,0.00
2018-03-29,75,58,30,28.89,80.7,20,1.81
2018-03-30,63,53,33,28.97,77.1,21,0.01
2018-03-31,67,46,24,29.15,51.1,12,0.00
2018-04-01,76,47,24,29.02,47.4,9,0.00
2018-04-02,80,56,24,28.91,43.9,12,0.00
2018-04-03,79,59,30,28.88,73.2,16,0.00
2018-04-04,71,48,33,28.90,68.9,23,0.37
2018-04-05,66,39,24,29.06,42.6,12,0.00
2018-04-06,74,51,24,28.91,48.2,18,0.02
2018-04-07,60,41,40,28.71,87.1,22,0.07
2018-04-08,54,38,28,28.87,75.4,21,0.00
2018-04-09,58,46,34,28.92,86.4,10,0.17
2018-04-10,70,50,27,29.02,69.9,14,0.00
2018-04-11,70,44,24,29.06,47.3,16,0.00
2018-04-12,77,51,24,29.05,43.0,12,0.00
2018-04-13,79,54,24,28.99,56.9,18,0.00
2018-04-14,80,62,29,28.91,70.0,17,0.00
2018-04-15,72,45,45,28.69,88.3,22,2.29
2018-04-16,53,37,33,28.88,71.7,22,0.00
2018-04-17,76,36,24,28.94,54.4,18,0.00
2018-04-18,82,54,24,28.87,48.2,17,0.00
2018-04-19,69,50,24,28.95,55.3,22,0.00
2018-04-20,68,44,24,29.18,42.5,17,0.00
2018-04-21,72,47,24,29.18,46.2,16,0.00
2018-04-22,63,59,40,29.07,86.7,24,0.55
2018-04-23,68,57,52,28.84,96.8,22,7.48
2018-04-24,68,59,35,28.77,90.7,15,0.57
2018-04-25,67,54,28,28.83,77.9,17,0.00
2018-04-26,60,51,29,28.77,91.0,13,0.33
2018-04-27,71,53,37,28.76,79.2,16,0.00
2018-04-28,77,52,24,28.86,53.6,17,0.00
2018-04-29,71,51,24,29.04,40.4,13,0.00
2018-04-30,75,50,24,29.15,42.4,9,0.00
2018-05-01,79,54,24,29.15,53.8,9,0.00
2018-05-02,82,59,24,29.17,55.5,8,0.00
2018-05-03,82,60,24,29.14,56.1,12,0.00
2018-05-04,83,59,24,29.06,61.6,12,0.00
2018-05-05,78,67,24,28.95,69.0,10,0.00
2018-05-06,80,61,28,28.90,66.9,25,0.00
2018-05-07,83,62,24,28.95,50.7,18,0.00
2018-05-08,78,62,32,29.01,65.7,17,0.06
2018-05-09,84,62,22,29.00,61.0,8,0.00
2018-05-10,87,64,26,28.99,61.3,28,0.07
2018-05-11,88,63,24,29.01,64.7,9,0.00
2018-05-12,90,69,24,29.03,53.3,12,0.00
2018-05-13,91,68,24,29.00,52.1,12,0.00
2018-05-14,90,71,24,28.93,56.6,10,0.00
2018-05-15,78,69,32,28.91,82.3,17,1.00
2018-05-16,76,69,46,28.84,96.0,8,1.27
2018-05-17,79,69,35,28.80,89.6,10,0.19
2018-05-18,80,66,36,28.83,89.3,15,0.00
2018-05-19,84,70,35,28.94,83.3,10,0.00
2018-05-20,85,68,37,29.03,81.7,23,2.10
2018-05-21,81,66,25,29.04,72.6,12,0.18
2018-05-22,83,69,40,28.98,81.8,15,0.50
2018-05-23,82,69,41,28.98,81.9,10,0.85
2018-05-24,85,70,35,28.99,78.8,18,0.14
2018-05-25,83,71,32,28.95,78.9,10,0.03
2018-05-26,85,70,35,28.87,78.3,12,0.00
2018-05-27,83,70,26,28.86,72.9,17,0.01
2018-05-28,83,69,39,28.77,84.3,16,1.16
2018-05-29,81,70,41,28.73,85.5,17,0.65
2018-05-30,82,71,36,28.84,79.4,16,0.09
2018-05-31,87,71,32,28.90,80.2,10,0.00
2018-06-01,88,69,37,28.90,78.3,33,1.33
2018-06-02,89,68,33,28.82,78.4,16,0.11
2018-06-03,91,72,25,28.81,69.9,16,0.01
2018-06-04,85,66,24,28.86,52.0,17,0.00
2018-06-05,82,63,24,28.82,57.9,12,0.00
2018-06-06,90,64,24,28.80,53.9,13,0.00
2018-06-07,89,70,24,28.92,51.3,13,0.00
2018-06-08,89,73,28,29.03,62.6,15,0.01
2018-06-09,89,71,28,29.01,64.8,14,0.00
2018-06-10,87,68,26,28.92,69.8,12,0.00
2018-06-11,88,70,30,28.88,74.9,17,0.08
2018-06-12,82,69,32,28.97,78.5,15,0.00
2018-06-13,88,72,37,28.98,77.2,12,2.38
2018-06-14,87,71,27,28.94,77.5,10,0.00
2018-06-15,90,72,27,28.91,73.2,10,0.76
2018-06-16,90,73,34,28.96,75.8,12,0.00
2018-06-17,88,71,38,29.03,75.7,12,0.00
2018-06-18,91,71,30,29.02,63.6,10,0.00
2018-06-19,92,76,24,28.94,61.8,14,0.00
2018-06-20,92,75,24,28.87,57.3,18,0.00
2018-06-21,88,75,27,28.81,72.6,15,0.01
2018-06-22,90,72,31,28.78,77.1,26,0.92
2018-06-23,82,72,35,28.85,79.9,12,0.36
2018-06-24,91,74,25,28.93,69.9,14,0.00
2018-06-25,91,71,36,29.01,73.7,29,1.28
2018-06-26,91,69,34,29.02,74.8,9,0.00
2018-06-27,90,71,31,28.98,76.9,26,0.21
2018-06-28,84,69,33,28.94,84.6,35,0.36
2018-06-29,90,67,24,28.94,73.6,12,0.00
2018-06-30,90,73,27,28.96,71.7,13,0.00
2018-07-01,87,73,32,28.96,78.5,13,0.09
2018-07-02,87,74,30,28.98,78.1,12,0.02
2018-07-03,91,74,24,29.03,64.6,13,0.00
2018-07-04,90,75,27,29.09,66.3,18,0.30
2018-07-05,89,75,26,29.14,69.7,12,0.00
2018-07-06,90,73,27,29.07,73.9,20,0.11
2018-07-07,85,71,32,29.03,76.6,21,0.00
2018-07-08,84,71,32,29.14,69.4,17,0.00
2018-07-09,90,71,24,29.14,56.0,10,0.00
2018-07-10,92,71,24,29.02,61.0,12,0.00
2018-07-11,93,73,26,28.94,62.9,15,0.00
2018-07-12,93,77,25,28.98,64.1,16,0.00
2018-07-13,89,76,31,29.03,77.6,16,1.60
2018-07-14,86,75,38,29.03,81.7,21,6.78
2018-07-15,89,73,43,28.99,83.1,9,0.01
2018-07-16,88,74,44,28.95,78.2,14,0.76
2018-07-17,90,73,29,28.93,79.8,9,0.00
2018-07-18,92,73,28,28.88,69.4,12,0.00
2018-07-19,90,75,25,28.89,73.8,16,0.04
2018-07-20,86,74,31,28.91,76.8,12,0.00
2018-07-21,89,68,41,28.81,79.7,26,3.52
2018-07-22,87,70,28,28.72,70.9,17,0.25
2018-07-23,83,68,29,28.76,77.0,9,0.84
2018-07-24,85,71,32,28.85,78.9,12,0.10
2018-07-25,88,73,24,28.87,66.9,14,0.00
2018-07-26,91,71,24,28.91,58.6,12,0.00
2018-07-27,91,71,24,28.94,58.3,12,0.00
2018-07-28,90,72,24,28.97,56.2,15,0.00
2018-07-29,89,69,24,28.95,58.2,13,0.00
2018-07-30,87,72,36,28.94,76.9,12,0.00
2018-07-31,87,70,39,28.94,83.8,22,3.01
2018-08-01,76,70,48,28.95,89.5,12,2.80
2018-08-02,77,71,52,28.96,90.4,21,6.49
2018-08-03,85,71,27,29.01,77.5,10,0.10
2018-08-04,89,73,25,29.08,72.1,10,0.00
2018-08-05,91,75,27,29.12,69.2,8,0.02
2018-08-06,93,76,24,29.07,65.9,12,0.00
2018-08-07,91,75,38,29.01,64.6,18,0.00
2018-08-08,90,72,28,28.99,72.5,29,0.61
2018-08-09,90,71,39,28.96,82.5,29,2.91
2018-08-10,88,71,29,28.92,79.1,9,0.00
2018-08-11,87,73,23,28.90,72.0,15,0.00
2018-08-12,91,72,24,28.94,69.2,12,0.00
2018-08-13,88,72,24,28.95,64.5,10,0.00
2018-08-14,89,69,24,28.95,60.2,10,0.00
2018-08-15,92,72,24,28.99,59.2,7,0.00
2018-08-16,90,74,26,29.05,66.5,12,0.00
2018-08-17,86,73,34,29.06,77.0,14,0.12
2018-08-18,87,73,44,28.97,82.2,22,2.61
2018-08-19,83,73,33,28.92,82.3,10,0.00
2018-08-20,83,73,36,28.96,82.4,13,0.00
2018-08-21,86,73,34,28.95,78.2,14,0.02
2018-08-22,84,70,24,28.94,69.3,17,0.00
2018-08-23,85,67,24,28.97,65.0,9,0.00
2018-08-24,81,65,25,29.04,62.7,14,0.00
2018-08-25,86,68,19,29.11,57.3,9,0.00
2018-08-26,89,70,24,29.12,61.8,10,0.00
2018-08-27,90,73,24,29.08,62.7,8,0.00
2018-08-28,89,75,25,29.07,66.5,10,0.00
2018-08-29,88,73,27,29.06,69.6,16,0.00
2018-08-30,88,70,24,29.05,70.8,9,0.00
2018-08-31,86,72,24,29.05,67.9,12,0.00
2018-09-01,89,74,24,29.07,65.4,12,0.00
2018-09-02,89,74,29,29.11,69.9,14,0.00
2018-09-03,89,73,30,29.14,70.4,15,0.00
2018-09-04,88,73,28,29.12,71.1,14,0.00
2018-09-05,86,73,29,29.09,71.9,12,0.00
2018-09-06,87,75,26,29.07,70.9,10,0.00
2018-09-07,92,73,24,29.00,66.7,10,0.00
2018-09-08,91,73,24,28.89,68.0,9,0.00
2018-09-09,87,72,30,28.82,74.6,14,1.21
2018-09-10,87,73,26,28.87,74.1,14,0.09
2018-09-11,86,74,28,28.96,73.8,13,0.19
2018-09-12,89,73,33,28.99,78.0,10,0.16
2018-09-13,88,75,28,28.99,74.5,12,0.05
2018-09-14,93,75,24,28.89,67.0,15,0.00
2018-09-15,94,73,25,28.83,63.9,16,0.00
2018-09-16,83,73,24,28.76,73.2,18,0.00
2018-09-17,91,69,24,28.86,68.2,13,0.00
2018-09-18,92,72,24,28.89,62.3,12,0.00
2018-09-19,93,74,24,28.92,56.5,8,0.00
2018-09-20,93,74,24,29.00,53.5,10,0.00
2018-09-21,89,72,25,29.06,61.3,10,0.00
2018-09-22,91,71,25,29.00,62.6,9,0.00
2018-09-23,89,69,24,28.97,61.1,10,0.00
2018-09-24,86,72,30,29.02,73.0,16,0.00
2018-09-25,87,74,30,29.05,75.0,14,0.00
2018-09-26,88,72,37,28.98,78.6,24,0.44
2018-09-27,83,71,54,28.93,87.4,17,0.20
2018-09-28,82,71,32,29.00,82.7,7,0.00
2018-09-29,88,70,26,29.07,73.7,10,0.00
2018-09-30,84,72,30,29.13,80.9,13,0.00
2018-10-01,85,70,29,29.17,68.7,13,0.00
2018-10-02,86,67,24,29.13,61.8,7,0.00
2018-10-03,88,69,24,29.04,60.3,7,0.00
2018-10-04,90,69,24,29.02,61.4,9,0.00
2018-10-05,92,71,24,29.00,62.3,7,0.00
2018-10-06,91,71,24,29.02,62.3,8,0.00
2018-10-07,89,71,24,29.07,60.3,13,0.00
2018-10-08,85,72,30,29.07,71.3,17,0.00
2018-10-09,81,71,37,28.99,82.4,18,0.20
2018-10-10,81,72,41,28.73,87.2,26,3.71
2018-10-11,79,61,34,28.61,76.5,25,1.22
2018-10-12,72,51,24,28.82,58.8,20,0.00
2018-10-13,73,55,24,28.88,61.7,16,0.00
2018-10-14,81,59,24,28.99,64.4,10,0.00
2018-10-15,83,63,30,29.05,80.5,10,0.00
2018-10-16,83,67,32,29.05,79.6,13,0.00
2018-10-17,74,60,23,29.12,66.7,14,0.00
2018-10-18,74,56,24,29.21,54.8,13,0.00
2018-10-19,65,53,26,29.15,70.0,12,0.00
2018-10-20,67,57,40,28.94,83.7,18,0.28
2018-10-21,63,43,24,29.09,47.5,21,0.00
2018-10-22,66,44,24,29.16,54.0,9,0.00
2018-10-23,69,54,24,29.10,58.7,9,0.00
2018-10-24,72,48,24,29.06,57.9,14,0.00
2018-10-25,58,49,28,28.98,67.1,18,0.23
2018-10-26,53,48,30,28.69,90.6,20,0.62
2018-10-27,61,49,33,28.77,81.2,18,0.00
2018-10-28,73,47,24,28.96,70.1,14,0.00
2018-10-29,69,51,24,29.01,55.3,14,0.00
2018-10-30,71,49,25,29.08,55.1,12,0.00
2018-10-31,76,52,25,29.04,66.8,9,0.00
2018-11-01,70,61,37,28.77,84.4,17,1.38
2018-11-02,63,42,33,28.75,81.2,22,0.06
2018-11-03,64,41,24,29.07,67.7,6,0.00
2018-11-04,65,44,26,29.12,68.8,15,0.00
2018-11-05,64,56,36,28.97,90.8,10,0.19
2018-11-06,71,56,35,28.90,82.0,18,0.98
2018-11-07,73,52,37,28.96,78.3,15,1.66
2018-11-08,63,57,36,28.99,85.2,15,0.22
2018-11-09,60,44,33,28.96,88.5,23,1.16
2018-11-10,50,36,24,29.12,60.4,20,0.00
2018-11-11,56,37,28,29.19,55.5,16,0.00
2018-11-12,48,42,41,29.05,84.7,21,3.73
2018-11-13,51,44,40,28.99,89.8,14,0.37
2018-11-14,50,43,32,29.13,88.4,20,1.01
2018-11-15,45,34,35,28.98,86.0,23,0.76
2018-11-16,56,32,25,29.05,67.2,17,0.00
2018-11-17,64,37,24,29.11,66.0,9,0.00
2018-11-18,65,43,24,29.12,68.2,6,0.00
2018-11-19,69,45,24,29.03,67.6,10,0.00
2018-11-20,57,41,32,29.03,71.3,17,0.09
2018-11-21,56,35,24,29.15,60.0,12,0.00
2018-11-22,60,37,24,29.19,59.3,9,0.00
2018-11-23,48,39,28,29.10,77.9,22,0.00
2018-11-24,50,38,38,28.83,89.6,16,0.92
2018-11-25,55,45,44,28.83,88.1,13,0.36
2018-11-26,55,35,37,28.76,76.9,25,0.00
2018-11-27,44,30,28,28.87,57.7,23,0.00
2018-11-28,45,27,24,28.99,51.1,17,0.00
2018-11-29,62,31,24,29.01,60.2,12,0.00
2018-11-30,71,51,25,28.98,61.9,13,0.02
2018-12-01,62,51,59,28.77,88.5,16,5.84
2018-12-02,73,54,27,28.69,72.4,13,0.03
2018-12-03,65,45,23,28.86,52.7,15,0.00
2018-12-04,49,36,24,29.00,58.2,17,0.00
2018-12-05,43,30,24,29.14,60.2,17,0.00
2018-12-06,50,28,24,29.24,52.0,9,0.00
2018-12-07,46,39,26,29.28,69.3,8,0.02
2018-12-08,46,39,30,29.18,88.4,30,2.08
2018-12-09,39,36,39,28.91,87.7,23,1.51
2018-12-10,43,39,42,28.99,89.6,12,0.12
2018-12-11,53,33,28,29.15,66.6,15,0.00
2018-12-12,53,32,24,29.12,57.6,9,0.00
2018-12-13,52,39,27,29.07,62.6,16,0.00
2018-12-14,52,46,36,28.89,89.1,18,1.25
2018-12-15,52,48,35,28.86,84.5,15,0.07
2018-12-16,53,47,33,29.00,81.0,18,0.00
2018-12-17,61,45,25,29.04,64.5,16,0.00
2018-12-18,65,42,24,28.99,50.7,14,0.00
2018-12-19,58,43,24,28.95,65.0,12,0.00
2018-12-20,52,47,39,28.53,89.1,16,1.31
2018-12-21,51,40,32,28.38,85.8,23,0.80
2018-12-22,52,36,26,28.97,67.6,14,0.00
2018-12-23,62,35,27,29.06,75.2,20,0.01
2018-12-24,53,35,25,29.16,65.1,16,0.00
2018-12-25,59,35,24,29.18,57.5,8,0.00
2018-12-26,59,42,24,29.26,61.9,14,0.00
2018-12-27,54,47,30,29.11,73.4,21,1.05
2018-12-28,63,51,57,28.94,91.4,16,7.98
2018-12-29,61,49,32,29.09,81.4,10,0.00
2018-12-30,55,51,40,29.06,89.3,10,0.66
2018-12-31,70,55,37,28.97,88.4,23,0.43
2019-01-01,66,58,39,29.00,87.5,9,0.26
2019-01-02,59,49,33,29.05,84.6,9,0.73
2019-01-03,55,51,47,28.93,91.2,14,0.24
2019-01-04,66,45,34,28.70,82.8,25,1.99
2019-01-05,59,44,26,28.90,62.7,21,0.00
2019-01-06,69,43,24,29.07,56.6,10,0.00
2019-01-07,68,45,24,29.10,59.8,12,0.00
2019-01-08,64,50,29,29.02,73.5,15,0.00
2019-01-09,54,39,24,29.03,41.0,22,0.00
2019-01-10,45,30,24,29.07,50.0,18,0.00
2019-01-11,54,30,24,29.15,47.0,9,0.00
2019-01-12,44,37,33,29.12,66.4,17,0.68
2019-01-13,48,35,40,29.04,86.7,15,0.66
2019-01-14,46,39,28,29.13,75.8,15,0.00
2019-01-15,45,32,26,29.14,71.0,14,0.00
2019-01-16,53,30,26,29.15,71.3,12,0.00
2019-01-17,49,35,32,29.09,82.7,9,0.16
2019-01-18,57,47,31,29.00,86.5,7,0.00
2019-01-19,63,51,54,28.73,91.3,17,1.82
2019-01-20,50,29,29,28.83,66.8,29,0.00
2019-01-21,43,22,24,29.24,43.0,17,0.00
2019-01-22,45,30,29,29.35,39.6,16,0.00
2019-01-23,67,42,34,28.94,73.0,20,2.25
2019-01-24,54,34,32,28.78,78.1,26,0.18
2019-01-25,47,32,24,29.12,55.8,16,0.00
2019-01-26,51,28,24,29.13,56.9,15,0.00
2019-01-27,50,34,24,29.00,65.1,7,0.00
2019-01-28,57,34,24,28.88,62.1,13,0.00
2019-01-29,51,28,32,28.89,68.3,23,0.30
2019-01-30,43,24,24,29.11,48.7,21,0.00
2019-01-31,52,28,24,29.23,48.4,7,0.00
2019-02-01,62,35,24,29.20,45.7,7,0.00
2019-02-02,64,41,27,29.12,60.9,9,0.00
2019-02-03,64,50,30,29.00,66.3,10,0.04
2019-02-04,65,44,25,28.97,76.5,7,0.00
2019-02-05,74,56,38,28.99,81.0,10,0.00
2019-02-06,71,60,33,29.01,87.6,12,0.11
2019-02-07,79,62,29,29.00,72.8,17,0.00
2019-02-08,67,42,32,29.15,61.0,22,0.03
2019-02-09,54,38,24,29.42,42.2,17,0.00
2019-02-10,43,37,33,29.33,69.2,21,0.16
2019-02-11,55,37,33,29.04,92.2,10,0.05
2019-02-12,71,47,44,28.83,86.5,25,1.35
2019-02-13,55,37,24,29.06,47.4,18,0.00
2019-02-14,64,38,24,28.97,43.3,13,0.00
2019-02-15,60,52,32,28.79,82.2,12,0.40
2019-02-16,63,49,31,28.69,81.6,21,0.50
2019-02-17,50,47,45,28.81,91.2,14,0.16
2019-02-18,59,47,33,29.02,69.8,20,0.14
2019-02-19,48,38,43,29.24,78.1,22,2.01
2019-02-20,45,39,34,29.03,92.1,17,1.86
2019-02-21,63,43,44,28.98,90.8,12,0.28
2019-02-22,70,51,35,29.06,90.1,18,0.00
2019-02-23,50,48,24,29.02,93.6,16,0.00
2019-02-24,63,46,34,28.89,67.9,25,0.64
2019-02-25,63,40,24,29.25,32.9,16,0.00
2019-02-26,65,48,24,29.20,47.7,9,0.00
2019-02-27,67,57,35,29.05,80.3,7,0.02
2019-02-28,64,57,43,28.94,88.9,9,0.72
2019-03-01,69,58,37,28.91,81.5,16,0.00
2019-03-02,65,51,34,28.97,77.0,12,0.00
2019-03-03,62,43,52,28.74,84.8,21,4.07
2019-03-04,44,34,28,28.93,66.1,22,0.00
2019-03-05,45,27,24,29.06,43.5,23,0.00
2019-03-06,46,27,24,29.23,38.3,18,0.00
2019-03-07,60,31,24,29.19,36.2,8,0.00
2019-03-08,69,50,24,29.03,43.0,14,0.01
2019-03-09,75,50,28,28.96,67.9,17,0.00
2019-03-10,70,57,32,29.02,69.1,15,0.02
2019-03-11,67,51,25,29.12,67.9,14,0.10
2019-03-12,73,46,24,29.15,55.7,10,0.00
2019-03-13,70,52,24,29.09,50.3,16,0.00
2019-03-14,74,57,30,29.00,72.1,21,0.00
2019-03-15,70,53,44,28.96,81.3,16,2.00
2019-03-16,52,43,25,29.13,46.0,21,0.00
2019-03-17,63,42,25,29.11,35.6,13,0.00
2019-03-18,59,42,24,29.14,36.1,16,0.00
2019-03-19,58,41,24,29.21,34.0,20,0.00
2019-03-20,62,41,24,29.10,37.6,13,0.00
2019-03-21,60,47,24,28.86,46.1,22,0.00
2019-03-22,66,40,24,28.94,43.8,22,0.00
2019-03-23,72,44,24,29.10,34.8,9,0.00
2019-03-24,74,47,24,29.11,38.5,10,0.00
2019-03-25,71,54,33,28.91,68.5,18,0.65
2019-03-26,64,50,27,29.00,74.9,15,0.04
2019-03-27,62,48,24,29.21,49.5,18,0.00
2019-03-28,68,42,24,29.23,39.7,9,0.00
2019-03-29,73,49,24,29.09,47.5,10,0.00
2019-03-30,76,56,24,28.92,51.6,16,0.00
2019-03-31,68,43,34,28.93,65.5,23,0.27
2019-04-01,61,38,24,29.08,37.5,17,0.00
2019-04-02,63,46,24,29.04,40.2,13,0.00
2019-04-03,72,45,24,29.19,40.2,7,0.00
2019-04-04,70,50,24,29.16,52.0,15,0.07
2019-04-05,76,56,27,28.98,76.5,13,0.15
2019-04-06,72,59,34,29.05,78.4,13,0.00
2019-04-07,79,62,31,29.07,78.9,12,1.32
2019-04-08,75,66,27,28.87,80.6,14,0.00
2019-04-09,75,63,40,28.71,81.2,14,0.21
2019-04-10,82,59,24,28.74,59.4,10,0.00
2019-04-11,81,63,24,28.83,58.7,17,0.01
2019-04-12,78,67,31,28.91,72.5,17,0.09
2019-04-13,82,64,27,28.89,64.8,16,0.00
2019-04-14,77,54,50,28.63,77.9,24,4.59
2019-04-15,66,46,30,28.91,54.0,26,0.00
2019-04-16,75,48,24,29.10,45.6,9,0.00
2019-04-17,80,54,24,29.01,52.2,10,0.00
2019-04-18,80,62,24,28.82,62.9,18,0.00
2019-04-19,71,47,48,28.47,84.4,24,7.13
2019-04-20,51,43,38,28.67,81.0,15,0.11
2019-04-21,72,44,24,28.98,49.8,18,0.00
2019-04-22,81,50,24,29.07,44.3,12,0.00
2019-04-23,82,57,24,29.00,51.3,12,0.00
2019-04-24,82,64,23,28.91,47.5,15,0.00
2019-04-25,74,62,25,28.83,71.2,16,0.09
2019-04-26,73,59,28,28.76,62.1,23,0.05
2019-04-27,77,50,24,28.91,40.8,14,0.00
2019-04-28,81,59,24,28.94,56.1,14,0.00
2019-04-29,84,63,24,29.07,58.2,15,0.00
2019-04-30,85,64,24,29.12,57.3,9,0.00
2019-05-01,83,66,27,29.13,67.9,12,0.00
2019-05-02,82,66,24,29.07,60.6,12,0.00
2019-05-03,83,67,27,28.93,67.1,9,0.00
2019-05-04,82,69,26,28.78,71.0,18,0.15
2019-05-05,79,65,31,28.72,75.5,18,0.07
2019-05-06,82,57,25,28.91,63.1,13,0.00
2019-05-07,83,64,24,29.01,58.1,12,0.00
2019-05-08,86,65,27,28.98,69.7,12,0.03
2019-05-09,79,66,30,28.96,77.2,18,1.06
2019-05-10,82,65,35,28.95,77.3,13,0.00
2019-05-11,81,68,35,28.87,81.8,22,2.05
2019-05-12,74,66,31,28.74,86.6,13,0.83
2019-05-13,73,61,25,28.79,63.8,15,0.00
2019-05-14,72,51,24,28.90,57.0,13,0.00
2019-05-15,76,52,24,28.94,55.7,8,0.00
2019-05-16,85,64,24,28.93,60.6,10,0.00
2019-05-17,87,66,27,28.91,63.7,13,0.00
2019-05-18,87,67,24,28.93,63.5,9,0.00
2019-05-19,87,68,24,28.93,57.4,14,0.00
2019-05-20,87,71,24,28.93,59.1,14,0.00
2019-05-21,88,69,24,28.88,55.8,12,0.00
2019-05-22,91,74,24,29.00,50.5,10,0.00
2019-05-23,89,72,24,29.11,61.8,10,0.00
2019-05-24,93,71,24,29.07,55.7,12,0.00
2019-05-25,93,74,24,29.06,55.2,12,0.00
2019-05-26,94,74,24,29.05,50.8,14,0.00
2019-05-27,94,73,24,28.96,51.9,14,0.00
2019-05-28,94,75,24,28.89,50.5,12,0.00
2019-05-29,94,73,24,28.86,50.1,13,0.00
2019-05-30,91,75,24,28.85,52.4,15,0.00
2019-05-31,88,72,24,28.84,52.6,17,0.00
2019-06-01,90,68,24,28.83,46.1,14,0.00
2019-06-02,89,68,28,28.82,58.5,23,0.06
2019-06-03,89,69,24,28.90,55.8,14,0.00
2019-06-04,85,70,25,28.98,51.8,16,0.00
2019-06-05,84,72,24,28.92,69.6,8,0.00
2019-06-06,77,71,27,28.85,78.3,12,0.03
2019-06-07,87,69,39,28.70,81.5,36,1.31
2019-06-08,72,69,66,28.74,90.1,13,12.26
2019-06-09,80,70,39,28.82,84.6,10,0.06
2019-06-10,83,72,42,28.88,80.9,13,0.03
2019-06-11,86,67,24,28.93,68.0,14,0.22
2019-06-12,73,67,28,28.89,75.3,16,0.01
2019-06-13,80,65,29,28.89,66.3,18,0.00
2019-06-14,81,61,24,29.06,46.6,10,0.00
2019-06-15,84,63,24,29.04,59.4,12,0.00
2019-06-16,89,69,24,28.96,62.0,13,0.00
2019-06-17,89,72,26,28.94,63.5,15,0.00
2019-06-18,83,72,32,28.91,79.9,12,0.13
2019-06-19,87,71,43,28.81,79.0,25,0.42
2019-06-20,87,74,26,28.78,71.2,20,0.00
2019-06-21,91,70,24,28.93,64.9,13,0.00
2019-06-22,91,71,34,28.98,66.3,23,0.08
2019-06-23,89,68,31,28.97,72.5,41,0.02
2019-06-24,88,71,36,28.89,77.6,38,0.85
2019-06-25,86,71,24,28.97,69.9,14,0.00
2019-06-26,87,72,26,29.07,67.4,9,0.00
2019-06-27,87,73,24,29.09,66.4,10,0.00
2019-06-28,88,71,24,29.09,59.1,14,0.00
2019-06-29,85,73,24,29.06,71.0,12,0.03
2019-06-30,90,73,25,28.98,67.2,12,0.00
2019-07-01,92,74,27,28.95,60.3,16,0.00
2019-07-02,94,76,24,28.92,59.0,10,0.00
2019-07-03,91,76,24,28.91,62.5,12,0.00
2019-07-04,95,77,25,28.94,61.6,12,0.00
2019-07-05,92,74,29,29.00,72.7,18,0.71
2019-07-06,92,73,26,28.97,72.1,9,0.00
2019-07-07,89,75,27,28.86,70.5,14,0.00
2019-07-08,90,74,33,28.81,73.8,25,0.33
2019-07-09,91,76,24,28.89,70.6,17,0.00
2019-07-10,91,76,31,28.94,70.0,15,0.00
2019-07-11,90,76,28,28.88,73.8,15,0.00
2019-07-12,92,75,27,28.87,69.1,12,0.00
2019-07-13,88,74,27,29.00,72.3,22,0.00
2019-07-14,91,74,27,29.08,62.9,24,0.00
2019-07-15,93,75,24,29.05,56.5,13,0.00
2019-07-16,94,77,24,29.04,58.3,14,0.00
2019-07-17,93,75,34,29.02,72.2,35,0.84
2019-07-18,90,74,35,28.98,77.5,21,0.28
2019-07-19,88,74,34,29.00,81.9,15,1.96
2019-07-20,89,72,37,28.98,79.2,13,0.00
2019-07-21,88,72,29,28.97,73.7,9,0.00
2019-07-22,90,73,24,28.91,66.8,12,0.00
2019-07-23,82,74,35,28.83,75.1,20,0.25
2019-07-24,86,68,26,28.92,58.0,13,0.00
2019-07-25,86,67,24,29.02,49.8,14,0.00
2019-07-26,88,69,24,29.12,49.5,9,0.00
2019-07-27,87,70,24,29.16,53.6,9,0.00
2019-07-28,88,70,24,29.11,53.2,8,0.00
2019-07-29,87,75,24,29.00,56.0,12,0.00
2019-07-30,90,73,29,28.96,60.8,17,0.19
2019-07-31,91,73,24,28.98,67.1,10,0.00
2019-08-01,93,73,31,28.97,65.4,14,0.40
2019-08-02,87,70,36,28.96,74.2,16,0.09
2019-08-03,88,71,33,28.92,72.1,10,0.06
2019-08-04,87,72,28,28.91,71.8,12,0.16
2019-08-05,91,73,29,28.89,73.3,18,0.03
2019-08-06,92,71,29,28.87,69.0,12,0.00
2019-08-07,94,75,24,28.85,62.0,13,0.00
2019-08-08,93,75,24,28.86,60.3,15,0.00
2019-08-09,94,75,24,28.87,60.8,13,0.00
2019-08-10,95,78,28,28.86,61.0,13,0.00
2019-08-11,94,77,24,28.89,64.9,12,0.00
2019-08-12,94,78,25,28.89,62.8,9,0.00
2019-08-13,99,78,25,28.84,62.9,15,0.00
2019-08-14,94,75,28,28.85,69.9,18,0.26
2019-08-15,95,75,26,28.87,54.1,15,0.00
2019-08-16,95,72,24,28.89,49.0,12,0.00
2019-08-17,98,74,24,28.91,47.1,12,0.00
2019-08-18,94,74,34,28.94,62.7,40,0.36
2019-08-19,93,74,29,28.97,69.0,29,0.13
2019-08-20,93,72,28,29.01,70.4,13,0.00
2019-08-21,93,71,30,29.01,70.1,9,0.00
2019-08-22,93,75,24,28.96,58.8,10,0.00
2019-08-23,93,76,26,28.94,65.2,18,0.00
2019-08-24,93,73,40,28.95,74.6,20,0.26
2019-08-25,77,67,28,28.98,75.8,18,0.00
2019-08-26,80,69,35,28.95,77.7,15,1.01
2019-08-27,86,72,34,28.89,82.7,12,0.74
2019-08-28,90,72,31,28.90,70.3,16,0.00
2019-08-29,89,66,24,28.97,48.1,12,0.00
2019-08-30,88,67,24,29.01,49.2,15,0.00
2019-08-31,90,70,24,29.04,56.2,17,0.00
2019-09-01,87,72,29,29.04,67.8,12,0.00
2019-09-02,92,72,24,28.96,56.5,13,0.00
2019-09-03,94,73,24,28.92,52.6,13,0.00
2019-09-04,96,77,24,28.90,50.1,14,0.00
2019-09-05,94,76,24,28.83,50.5,20,0.00
2019-09-06,94,69,24,28.84,48.9,15,0.00
2019-09-07,96,73,24,28.87,54.2,14,0.00
2019-09-08,96,72,24,28.93,43.5,10,0.00
2019-09-09,98,77,24,29.02,43.5,7,0.00
2019-09-10,96,76,28,29.13,58.2,17,0.00
2019-09-11,94,74,24,29.13,54.9,8,0.00
2019-09-12,98,75,24,29.04,48.1,10,0.00
2019-09-13,96,75,27,29.06,49.1,24,0.00
2019-09-14,86,73,30,29.12,69.3,13,0.00
2019-09-15,92,73,24,29.04,62.0,15,0.00
2019-09-16,96,75,24,28.98,49.2,10,0.00
2019-09-17,96,74,27,28.91,49.9,24,0.45
2019-09-18,88,71,24,28.94,62.5,18,0.00
2019-09-19,82,69,24,29.09,53.5,16,0.00
2019-09-20,83,62,24,29.17,49.7,14,0.00
2019-09-21,87,65,24,29.17,50.0,8,0.00
2019-09-22,88,64,24,29.09,50.0,8,0.00
2019-09-23,90,65,24,28.98,46.0,8,0.00
2019-09-24,92,74,24,28.85,50.5,13,0.00
2019-09-25,91,65,24,28.83,47.2,12,0.00
2019-09-26,94,74,25,28.84,51.0,13,0.00
2019-09-27,95,76,24,28.90,51.3,12,0.00
2019-09-28,91,72,31,29.02,68.1,25,1.11
2019-09-29,92,73,24,29.10,65.0,8,0.00
2019-09-30,95,75,24,29.06,52.9,10,0.00
2019-10-01,93,74,24,29.01,58.2,9,0.00
2019-10-02,95,74,24,28.95,55.4,12,0.00
2019-10-03,96,76,24,28.95,49.8,10,0.00
2019-10-04,97,75,25,28.93,45.4,10,0.00
2019-10-05,82,67,26,29.00,63.6,24,0.00
2019-10-06,81,62,27,29.09,73.0,17,0.00
2019-10-07,81,67,27,28.99,68.0,10,0.00
2019-10-08,81,66,24,28.94,68.4,15,0.00
2019-10-09,76,65,27,29.02,70.7,16,0.00
2019-10-10,78,62,25,29.05,66.6,12,0.00
2019-10-11,80,60,24,29.02,58.0,7,0.00
2019-10-12,80,63,24,28.95,55.9,12,0.00
2019-10-13,65,61,40,28.97,84.5,16,0.45
2019-10-14,78,54,28,28.99,63.9,8,0.00
2019-10-15,72,62,33,28.95,78.5,10,0.71
2019-10-16,71,55,35,28.77,79.1,20,0.44
2019-10-17,66,46,24,28.87,53.5,16,0.00
2019-10-18,66,47,24,28.89,55.6,15,0.00
2019-10-19,60,53,38,28.81,79.6,22,1.54
2019-10-20,72,57,33,28.80,82.2,14,0.00
2019-10-21,76,59,25,28.89,78.2,12,0.00
2019-10-22,72,54,35,28.86,70.2,29,0.24
2019-10-23,68,48,24,29.06,48.6,13,0.00
2019-10-24,70,50,24,29.13,51.4,13,0.00
2019-10-25,72,61,35,29.06,70.6,15,0.19
2019-10-26,76,67,33,28.82,85.2,17,0.38
2019-10-27,73,55,33,28.85,78.2,15,0.03
2019-10-28,76,50,29,28.97,75.2,9,0.00
2019-10-29,70,59,32,29.05,80.2,12,0.06
2019-10-30,73,66,30,28.96,91.9,15,0.81
2019-10-31,76,39,38,28.89,81.0,36,0.60
2019-11-01,57,35,25,29.13,61.7,17,0.00
2019-11-02,59,37,24,29.10,61.3,17,0.00
2019-11-03,61,37,24,29.12,55.4,8,0.00
2019-11-04,61,43,25,29.11,60.1,12,0.00
2019-11-05,69,54,30,29.12,63.7,12,0.00
2019-11-06,71,48,24,29.20,61.8,12,0.00
2019-11-07,67,56,35,29.08,78.7,21,0.96
2019-11-08,58,41,28,29.07,71.2,20,0.00
2019-11-09,55,36,24,29.12,58.7,14,0.00
2019-11-10,65,39,24,29.08,57.8,8,0.00
2019-11-11,67,44,25,29.00,62.8,10,0.02
2019-11-12,57,26,36,28.94,78.4,28,0.75
2019-11-13,47,25,24,29.18,51.5,13,0.00
2019-11-14,44,34,34,29.16,62.3,13,0.18
2019-11-15,49,44,36,29.02,88.7,13,0.72
2019-11-16,64,40,24,28.95,59.0,13,0.00
2019-11-17,64,48,26,28.89,58.0,9,0.00
2019-11-18,63,47,31,28.74,69.2,10,0.00
2019-11-19,63,44,24,28.79,60.1,9,0.00
2019-11-20,64,44,24,29.05,54.9,15,0.00
2019-11-21,64,45,24,29.12,57.4,9,0.00
2019-11-22,66,50,26,28.97,70.7,10,0.01
2019-11-23,65,46,38,28.76,84.9,20,0.75
2019-11-24,54,42,26,28.80,66.6,18,0.00
2019-11-25,63,37,24,28.82,64.9,8,0.00
2019-11-26,65,40,24,28.91,66.0,10,0.00
2019-11-27,76,51,35,28.95,65.9,17,0.43
2019-11-28,63,44,24,29.14,43.2,21,0.00
2019-11-29,68,50,24,29.10,47.8,12,0.00
2019-11-30,74,53,29,28.87,56.8,15,0.00
2019-12-01,67,48,27,28.62,53.6,22,0.08
2019-12-02,47,38,24,28.84,54.8,23,0.00
2019-12-03,47,35,25,28.83,62.7,20,0.00
2019-12-04,60,35,24,28.81,53.8,20,0.00
2019-12-05,64,41,24,29.01,43.0,10,0.00
2019-12-06,60,47,24,29.07,48.2,9,0.00
2019-12-07,62,52,26,29.12,54.4,10,0.00
2019-12-08,57,47,24,29.15,57.6,18,0.00
2019-12-09,61,48,28,28.94,71.7,13,0.00
2019-12-10,68,40,42,28.95,82.4,26,0.41
2019-12-11,52,35,25,29.28,60.3,15,0.01
2019-12-12,51,33,25,29.31,59.6,21,0.14
2019-12-13,44,37,39,28.93,89.8,16,3.51
2019-12-14,55,44,30,28.69,78.7,17,0.01
2019-12-15,57,43,37,28.99,78.1,9,0.00
2019-12-16,70,54,26,28.98,74.8,16,0.00
2019-12-17,64,38,46,28.81,85.1,22,0.64
2019-12-18,47,31,24,29.08,52.6,20,0.00
2019-12-19,52,29,24,29.26,53.1,12,0.00
2019-12-20,55,34,24,29.35,46.0,10,0.00
2019-12-21,51,45,28,29.31,51.1,16,0.00
2019-12-22,47,42,32,29.09,81.9,26,1.92
2019-12-23,57,46,47,28.80,88.1,23,0.36
2019-12-24,70,54,30,28.89,72.5,16,0.00
2019-12-25,65,47,24,29.03,61.2,12,0.00
2019-12-26,64,42,24,29.10,64.0,7,0.00
2019-12-27,64,54,26,29.13,67.3,10,0.00
2019-12-28,68,57,48,29.06,85.1,13,0.07
2019-12-29,70,63,35,28.83,86.6,18,0.33
2019-12-30,69,46,28,28.77,60.5,24,0.14
2019-12-31,56,38,24,28.90,55.0,21,0.00
2020-01-01,55,36,24,28.94,47.8,13,0.00
2020-01-02,50,46,33,28.88,79.1,14,1.37
2020-01-03,63,50,43,28.78,92.7,15,3.63
2020-01-04,59,37,39,28.87,76.0,28,0.34
2020-01-05,54,32,24,29.16,56.8,16,0.00
2020-01-06,63,38,24,29.06,59.6,9,0.00
2020-01-07,57,43,26,29.01,56.7,22,0.03
2020-01-08,61,37,24,29.28,44.1,13,0.00
2020-01-09,63,37,24,29.36,52.7,15,0.00
2020-01-10,65,51,25,29.26,72.4,14,0.00
2020-01-11,70,60,49,28.98,86.9,22,4.90
2020-01-12,68,50,27,29.14,74.7,16,0.00
2020-01-13,66,59,52,29.21,87.8,12,3.49
2020-01-14,64,60,43,29.14,90.8,22,1.09
2020-01-15,72,56,26,29.10,85.0,9,0.00
2020-01-16,65,51,32,29.20,68.8,18,0.73
2020-01-17,55,45,24,29.38,38.2,17,0.00
2020-01-18,54,43,39,29.14,73.9,14,1.03
2020-01-19,55,32,31,29.02,64.7,22,0.05
2020-01-20,37,25,24,29.21,55.0,20,0.00
2020-01-21,40,24,24,29.28,53.1,13,0.00
2020-01-22,49,25,24,29.21,41.0,16,0.00
2020-01-23,48,39,27,29.07,55.1,20,0.20
2020-01-24,58,41,36,28.88,83.8,15,0.92
2020-01-25,45,37,30,28.97,71.7,20,0.00
2020-01-26,50,33,24,28.96,65.4,12,0.00
2020-01-27,52,42,30,28.86,74.9,15,0.00
2020-01-28,58,37,24,28.91,62.1,14,0.00
2020-01-29,52,42,24,28.91,58.2,12,0.00
2020-01-30,59,40,24,29.00,64.3,10,0.00
2020-01-31,45,40,27,29.04,83.0,15,0.11
2020-02-01,50,40,33,28.92,78.0,14,0.00
2020-02-02,66,36,24,28.93,53.6,14,0.00
2020-02-03,76,43,24,28.96,45.7,16,0.00
2020-02-04,68,57,30,28.94,71.7,13,0.00
2020-02-05,67,61,36,28.78,86.1,17,0.68
2020-02-06,72,51,56,28.40,87.9,26,4.47
2020-02-07,49,34,26,28.72,65.1,25,0.00
2020-02-08,45,31,44,29.16,83.0,8,0.24
2020-02-09,56,34,35,29.30,80.8,12,0.00
2020-02-10,54,39,33,29.10,86.7,13,2.19
2020-02-11,70,54,41,28.94,87.7,22,0.61
2020-02-12,72,52,36,28.92,83.6,15,0.00
2020-02-13,70,42,37,28.82,79.4,29,2.84
2020-02-14,52,35,24,29.21,51.0,17,0.00
2020-02-15,55,33,25,29.26,49.3,16,0.00
2020-02-16,47,42,36,29.08,82.7,10,0.32
2020-02-17,53,44,42,29.01,90.0,9,0.00
2020-02-18,62,51,44,29.01,91.8,14,3.31
2020-02-19,60,50,41,29.13,85.8,21,0.10
2020-02-20,48,39,35,29.16,85.1,20,1.23
2020-02-21,48,34,28,29.30,67.9,13,0.02
2020-02-22,55,31,24,29.29,52.2,6,0.00
2020-02-23,56,37,24,29.14,45.7,8,0.00
2020-02-24,50,45,35,28.91,82.6,14,1.41
2020-02-25,68,49,35,28.74,82.1,9,0.03
2020-02-26,54,39,24,28.83,73.5,22,0.00
2020-02-27,48,34,24,29.05,48.7,23,0.00
2020-02-28,53,32,24,29.04,52.5,22,0.00
2020-02-29,55,36,24,29.09,47.5,25,0.00
2020-03-01,64,35,24,29.12,44.8,10,0.00
2020-03-02,56,47,32,28.92,79.3,12,1.37
2020-03-03,69,57,45,28.78,87.1,18,1.01
2020-03-04,62,53,31,28.90,85.0,12,1.31
2020-03-05,53,50,35,28.92,86.6,21,2.13
2020-03-06,57,41,26,29.05,58.3,23,0.00
2020-03-07,59,33,24,29.30,46.8,12,0.00
2020-03-08,62,40,24,29.41,43.7,14,0.00
2020-03-09,67,43,23,29.37,54.6,13,0.00
2020-03-10,65,55,29,29.21,73.9,14,0.05
2020-03-11,72,55,36,29.03,82.6,17,0.62
2020-03-12,76,60,37,28.91,80.7,13,0.10
2020-03-13,71,63,31,29.01,74.2,14,0.00
2020-03-14,80,57,25,29.14,60.7,13,0.00
2020-03-15,69,58,27,29.16,74.4,14,0.03
2020-03-16,58,53,32,29.18,84.4,16,0.00
2020-03-17,68,51,35,29.13,84.5,9,0.00
2020-03-18,77,57,32,29.14,80.6,9,0.00
2020-03-19,80,59,38,29.14,81.4,15,0.00
2020-03-20,82,63,27,29.13,66.1,26,0.00
2020-03-21,73,55,28,29.15,74.8,16,0.11
2020-03-22,63,47,31,29.16,77.4,17,0.03
2020-03-23,63,52,32,29.06,91.3,14,1.59
2020-03-24,77,60,44,28.91,85.6,17,1.11
2020-03-25,73,60,35,28.77,75.1,15,1.39
2020-03-26,79,53,24,28.90,62.4,10,0.00
2020-03-27,85,61,24,28.86,60.6,15,0.00
2020-03-28,84,66,27,28.88,65.9,17,0.00
2020-03-29,78,67,33,28.96,61.6,21,0.00
2020-03-30,74,60,24,29.01,37.3,14,0.00
2020-03-31,64,50,31,28.69,66.9,23,1.26
2020-04-01,60,42,24,28.83,55.4,22,0.00
2020-04-02,69,41,24,28.95,52.7,12,0.00
2020-04-03,78,48,24,28.90,40.8,10,0.00
2020-04-04,76,56,24,28.87,40.8,12,0.00
2020-04-05,79,60,24,28.92,48.6,7,0.00
2020-04-06,82,58,24,28.98,57.3,13,0.00
2020-04-07,77,62,24,28.95,67.5,15,0.00
2020-04-08,80,62,37,28.78,80.6,12,0.01
2020-04-09,78,62,33,28.69,68.2,22,0.65
2020-04-10,63,48,25,28.84,31.1,23,0.00
2020-04-11,71,41,24,28.95,40.0,12,0.00
2020-04-12,75,52,37,28.78,77.5,22,0.16
2020-04-13,75,57,37,28.70,73.0,29,1.97
2020-04-14,71,47,24,28.93,60.6,15,0.00
2020-04-15,61,41,24,28.93,39.8,17,0.00
2020-04-16,69,42,24,29.12,36.3,10,0.00
2020-04-17,73,48,24,29.07,50.0,15,0.00
2020-04-18,69,57,35,28.88,65.3,18,0.61
2020-04-19,54,48,45,28.80,83.5,10,4.35
2020-04-20,71,54,35,28.62,75.3,18,1.42
2020-04-21,74,53,24,28.83,52.9,23,0.00
2020-04-22,72,49,24,28.96,45.8,10,0.00
2020-04-23,66,54,33,28.77,85.8,24,1.79
2020-04-24,72,58,30,28.70,74.8,14,0.00
2020-04-25,79,56,24,28.77,63.4,17,0.00
2020-04-26,68,53,25,28.89,58.6,26,0.00
2020-04-27,72,46,24,29.07,49.8,15,0.00
2020-04-28,78,54,25,29.04,46.7,10,0.00
2020-04-29,70,57,33,28.78,75.4,23,0.40
2020-04-30,63,53,31,28.76,76.2,14,0.01
2020-05-01,74,48,24,28.93,52.1,17,0.00
2020-05-02,82,52,24,29.04,45.2,10,0.00
2020-05-03,84,59,24,28.95,50.2,13,0.00
2020-05-04,84,61,24,28.86,59.4,9,0.00
2020-05-05,84,66,24,28.80,67.0,20,0.00
2020-05-06,73,50,24,28.87,49.8,25,0.00
2020-05-07,69,45,25,29.01,49.4,15,0.00
2020-05-08,63,51,29,28.88,64.0,22,0.03
2020-05-09,64,44,24,29.05,48.6,18,0.00
2020-05-10,74,44,24,29.08,43.1,10,0.00
2020-05-11,68,51,25,29.07,39.7,18,0.00
2020-05-12,73,49,24,29.13,45.2,12,0.00
2020-05-13,79,56,24,29.13,55.7,13,0.00
2020-05-14,82,61,28,29.13,64.3,12,0.00
2020-05-15,80,61,24,29.02,61.8,10,0.00
2020-05-16,84,63,25,28.94,59.8,12,0.00
2020-05-17,85,65,32,28.87,70.0,14,2.55
2020-05-18,78,67,37,28.76,82.5,13,0.84
2020-05-19,75,63,36,28.69,75.2,16,0.42
2020-05-20,64,55,31,28.82,82.5,17,0.62
2020-05-21,74,54,25,28.93,74.4,9,0.00
2020-05-22,85,65,27,28.97,72.5,18,0.30
2020-05-23,85,65,27,28.99,71.0,12,0.00
2020-05-24,87,69,26,28.97,64.5,14,0.00
2020-05-25,84,68,27,28.97,75.2,21,1.66
2020-05-26,73,69,35,28.95,81.7,20,0.14
2020-05-27,73,66,41,28.90,85.7,16,3.47
2020-05-28,84,67,36,28.93,80.0,16,0.06
2020-05-29,83,71,28,28.95,78.8,12,0.07
2020-05-30,86,68,24,28.94,63.8,13,0.00
2020-05-31,84,63,24,28.98,54.3,14,0.00
2020-06-01,81,67,27,29.10,62.5,15,0.00
2020-06-02,85,66,24,29.08,59.8,9,0.00
2020-06-03,86,70,24,28.94,64.6,10,0.00
2020-06-04,88,71,31,28.87,70.0,12,0.00
2020-06-05,83,71,31,28.89,77.1,14,0.47
2020-06-06,85,69,25,28.91,75.9,21,0.16
2020-06-07,85,71,24,28.87,74.6,12,0.00
2020-06-08,85,73,33,28.86,78.4,12,0.00
2020-06-09,86,73,33,28.89,80.3,16,0.65
2020-06-10,83,73,40,28.90,85.0,16,3.42
2020-06-11,84,68,27,29.00,65.7,17,0.00
2020-06-12,87,66,24,29.03,58.5,18,0.01
2020-06-13,87,69,24,29.01,50.5,13,0.00
2020-06-14,80,66,35,29.07,67.3,37,0.89
2020-06-15,79,63,28,29.08,72.6,32,0.00
2020-06-16,74,61,25,29.09,67.0,15,0.00
2020-06-17,75,59,26,29.02,67.2,13,0.00
2020-06-18,83,62,24,28.97,62.8,12,0.00
2020-06-19,85,68,24,29.00,59.4,10,0.00
2020-06-20,89,67,24,28.97,56.5,9,0.00
2020-06-21,89,70,26,28.93,67.0,31,0.02
2020-06-22,87,69,27,28.94,76.3,18,0.10
2020-06-23,85,70,29,28.85,75.8,15,0.02
2020-06-24,83,69,24,28.89,75.1,12,0.07
2020-06-25,81,70,33,28.99,82.3,12,0.68
2020-06-26,85,69,24,29.10,69.5,17,0.04
2020-06-27,86,68,30,29.01,73.8,35,0.77
2020-06-28,89,74,27,28.91,70.6,15,0.00
2020-06-29,92,73,25,28.92,64.2,13,0.00
2020-06-30,90,72,26,28.90,72.8,22,0.08
2020-07-01,82,69,26,28.85,77.1,22,0.07
2020-07-02,89,71,31,28.84,71.7,23,0.37
2020-07-03,91,75,24,28.86,62.8,9,0.00
2020-07-04,90,75,29,28.85,66.3,16,0.01
2020-07-05,91,74,27,28.86,64.1,16,0.00
2020-07-06,86,73,40,28.90,81.0,20,2.41
2020-07-07,87,73,30,28.89,77.9,10,0.00
2020-07-08,85,74,28,28.87,74.8,9,0.00
2020-07-09,89,73,28,28.84,75.3,15,0.25
2020-07-10,92,72,35,28.85,75.4,15,0.01
2020-07-11,91,73,24,28.84,56.9,18,0.00
2020-07-12,89,70,24,28.80,65.5,12,0.00
2020-07-13,89,68,29,28.83,73.1,16,0.00
2020-07-14,91,72,24,28.91,58.8,10,0.00
2020-07-15,90,75,31,28.97,68.2,9,0.34
2020-07-16,91,73,24,29.05,70.4,12,0.00
2020-07-17,93,76,25,29.07,61.4,8,0.00
2020-07-18,93,78,27,29.03,61.0,16,0.00
2020-07-19,95,75,24,28.99,60.4,9,0.00
2020-07-20,95,78,28,28.95,59.8,22,0.26
2020-07-21,95,76,31,28.99,66.7,25,0.07
2020-07-22,92,73,24,29.02,67.7,8,0.00
2020-07-23,92,75,25,29.05,61.2,16,0.00
2020-07-24,87,74,24,29.07,69.0,14,0.00
2020-07-25,91,72,30,29.06,71.2,14,0.06
2020-07-26,89,71,27,29.06,67.4,10,0.00
2020-07-27,93,75,25,28.98,63.2,17,0.00
2020-07-28,90,75,27,28.94,67.3,12,0.00
2020-07-29,84,75,42,28.94,81.0,13,1.32
2020-07-30,86,75,34,28.89,78.8,18,0.03
2020-07-31,92,75,27,28.86,69.0,13,0.00
2020-08-01,89,73,24,28.87,67.0,16,0.00
2020-08-02,90,74,24,28.89,64.1,8,0.00
2020-08-03,86,72,29,28.87,72.1,29,0.21
2020-08-04,90,68,26,28.88,68.1,9,0.00
2020-08-05,90,74,28,28.91,61.9,18,0.20
2020-08-06,91,73,29,28.92,66.4,9,0.00
2020-08-07,90,74,28,28.98,64.4,12,0.00
2020-08-08,94,74,25,29.04,63.5,12,0.00
2020-08-09,94,73,29,29.04,57.5,14,0.00
2020-08-10,93,73,30,29.00,72.2,20,0.33
2020-08-11,94,72,24,28.93,71.0,12,0.00
2020-08-12,93,74,30,28.92,71.4,15,0.09
2020-08-13,94,73,28,28.92,71.1,20,0.78
2020-08-14,85,72,37,28.87,82.1,9,0.26
2020-08-15,88,73,38,28.82,81.4,15,0.47
2020-08-16,91,72,24,28.85,64.8,15,0.00
2020-08-17,90,74,25,28.90,62.2,13,0.00
2020-08-18,90,71,26,28.85,58.6,22,0.00
2020-08-19,87,71,28,28.82,73.6,22,1.13
2020-08-20,83,69,36,28.85,78.9,12,0.35
2020-08-21,82,71,33,28.84,83.2,18,0.21
2020-08-22,85,70,34,28.89,78.1,10,0.06
2020-08-23,86,72,33,29.00,79.4,12,0.00
2020-08-24,84,73,35,29.03,83.9,14,0.21
2020-08-25,76,73,37,29.03,90.3,13,1.76
2020-08-26,88,74,40,29.01,82.6,17,0.04
2020-08-27,89,74,25,28.97,74.1,10,0.00
2020-08-28,86,75,32,28.92,81.6,13,0.12
2020-08-29,89,76,28,28.81,75.7,15,0.00
2020-08-30,89,72,42,28.78,82.4,18,8.23
2020-08-31,89,73,32,28.82,82.2,12,0.01
2020-09-01,88,75,28,28.90,77.6,13,0.28
2020-09-02,88,74,26,28.91,77.1,12,0.00
2020-09-03,91,73,24,28.91,69.1,14,0.00
2020-09-04,91,74,24,28.99,67.0,14,0.00
2020-09-05,88,69,24,29.09,58.0,13,0.00
2020-09-06,84,68,24,29.07,54.4,12,0.00
2020-09-07,85,66,24,28.95,55.1,10,0.00
2020-09-08,85,67,27,28.95,62.0,13,0.00
2020-09-09,84,70,27,29.02,68.9,16,0.00
2020-09-10,84,75,28,29.07,77.2,15,0.00
2020-09-11,90,74,27,29.00,71.8,10,0.00
2020-09-12,87,73,34,28.94,80.0,15,0.02
2020-09-13,86,73,30,28.96,77.1,14,0.00
2020-09-14,85,74,24,29.00,74.5,12,0.00
2020-09-15,77,69,30,29.04,80.9,22,0.21
2020-09-16,70,63,28,28.95,84.5,21,1.10
2020-09-17,75,67,32,28.70,89.0,24,3.80
2020-09-18,81,67,24,28.85,77.4,12,0.00
2020-09-19,71,63,26,29.04,68.6,16,0.00
2020-09-20,71,55,24,29.16,59.4,20,0.00
2020-09-21,71,54,24,29.23,57.5,23,0.00
2020-09-22,70,52,24,29.13,66.7,13,0.00
2020-09-23,76,61,24,28.98,62.5,9,0.00
2020-09-24,69,64,27,28.89,87.3,13,1.09
2020-09-25,76,69,30,28.87,84.2,13,0.02
2020-09-26,80,68,33,28.93,78.7,7,0.00
2020-09-27,82,68,34,28.86,84.0,12,0.00
2020-09-28,83,69,30,28.81,79.0,10,0.08
2020-09-29,70,54,41,28.81,86.5,17,0.47
2020-09-30,73,50,24,28.95,67.4,13,0.00
2020-10-01,80,55,24,28.93,63.7,16,0.00
2020-10-02,69,50,24,29.00,54.0,13,0.00
2020-10-03,71,50,24,29.06,59.3,10,0.00
2020-10-04,71,54,24,29.06,63.0,10,0.00
2020-10-05,77,54,24,29.05,68.0,9,0.00
2020-10-06,79,57,25,29.03,70.0,10,0.00
2020-10-07,82,63,26,28.99,71.7,10,0.00
2020-10-08,84,59,25,29.00,63.8,7,0.00
2020-10-09,75,65,26,29.03,80.2,14,0.12
2020-10-10,76,64,59,28.83,91.6,16,9.48
2020-10-11,75,70,41,28.72,87.2,15,0.09
2020-10-12,81,70,32,28.82,83.0,10,0.00
2020-10-13,79,61,28,28.91,72.6,16,0.00
2020-10-14,80,56,24,28.96,62.8,10,0.00
2020-10-15,79,63,29,28.92,77.9,10,0.00
2020-10-16,69,52,24,29.02,63.2,18,0.00
2020-10-17,66,45,24,29.16,51.6,16,0.00
2020-10-18,71,49,25,29.17,68.0,15,0.00
2020-10-19,76,54,26,29.12,72.3,10,0.00
2020-10-20,79,58,24,29.10,70.8,10,0.00
2020-10-21,80,62,31,29.10,77.5,13,0.00
2020-10-22,80,64,30,29.08,79.2,14,0.00
2020-10-23,81,65,29,29.02,77.7,8,0.00
2020-10-24,78,66,46,28.87,86.9,13,6.46
2020-10-25,75,66,41,28.87,84.6,9,0.01
2020-10-26,69,65,37,28.99,90.6,12,0.04
2020-10-27,74,64,33,29.06,87.5,9,0.00
2020-10-28,76,69,35,28.95,89.3,12,0.16
2020-10-29,82,51,37,28.60,75.8,32,1.79
2020-10-30,62,49,26,28.97,64.2,24,0.00
2020-10-31,65,47,24,29.18,62.5,18,0.00
2020-11-01,70,50,34,29.09,71.6,24,0.00
2020-11-02,58,38,24,29.22,37.2,23,0.00
2020-11-03,65,38,24,29.20,48.2,12,0.00
2020-11-04,69,46,24,29.27,52.9,9,0.00
2020-11-05,70,48,24,29.25,61.4,9,0.00
2020-11-06,75,57,24,29.15,62.0,14,0.00
2020-11-07,73,61,39,29.13,83.1,16,0.32
2020-11-09,78,67,15,29.06,69.7,18,0.00
2020-11-10,71,66,32,28.94,90.3,17,0.10
2020-11-11,78,70,34,28.84,89.6,8,0.23
2020-11-12,74,60,32,28.83,84.8,16,0.00
2020-11-13,73,53,30,28.99,69.4,16,0.00
2020-11-14,71,47,24,29.04,58.8,10,0.00
2020-11-15,72,48,30,28.98,73.0,22,0.00
2020-11-16,62,43,24,29.13,42.1,20,0.00
2020-11-17,64,41,24,29.22,37.7,23,0.00
2020-11-18,64,38,24,29.37,37.7,12,0.00
2020-11-19,61,37,24,29.42,44.7,13,0.00
2020-11-20,70,43,24,29.36,59.1,9,0.00
2020-11-21,71,49,24,29.25,69.9,6,0.00
2020-11-22,69,52,24,29.09,75.1,9,0.00
2020-11-23,61,44,30,29.09,62.7,20,0.00
2020-11-24,60,40,24,29.17,53.9,13,0.00
2020-11-25,71,49,35,29.05,79.2,25,0.73
2020-11-26,73,53,36,28.98,81.0,14,2.04
2020-11-27,71,46,24,29.00,58.7,9,0.00
2020-11-28,68,51,24,28.97,68.8,13,0.12
2020-11-29,56,52,41,28.92,90.6,13,1.82
2020-11-30,56,34,37,28.71,80.2,29,0.27
2020-12-01,43,29,25,29.01,59.8,22,0.00
2020-12-02,54,28,24,29.18,50.2,14,0.00
2020-12-03,55,33,24,29.17,52.2,10,0.00
2020-12-04,60,41,39,28.97,78.8,22,0.15
2020-12-05,57,38,25,28.99,68.7,16,0.00
2020-12-06,56,38,24,28.88,73.5,8,0.05
2020-12-07,47,34,30,28.78,73.1,24,0.00
2020-12-08,48,31,23,28.98,58.8,20,0.00
2020-12-09,62,30,24,28.98,62.7,13,0.00
2020-12-10,68,40,24,29.01,57.6,5,0.00
2020-12-11,66,43,25,29.03,59.3,7,0.00
2020-12-12,67,51,25,28.95,72.0,14,0.03
2020-12-13,67,53,33,28.93,81.1,10,0.04
2020-12-14,64,39,41,28.80,79.7,31,1.61
2020-12-15,51,36,27,29.01,65.7,17,0.00
2020-12-16,44,40,35,28.84,89.7,18,0.45
2020-12-17,41,32,28,29.00,75.4,16,0.00
2020-12-18,52,30,24,29.22,56.7,13,0.00
2020-12-19,52,30,24,29.18,62.5,10,0.00
2020-12-20,56,43,27,28.93,71.9,10,0.00
2020-12-21,60,42,28,28.95,72.1,15,0.00
2020-12-22,61,42,24,29.09,47.0,21,0.00
2020-12-23,60,37,24,29.09,54.5,13,0.00
2020-12-24,56,31,46,28.69,85.7,26,2.98
2020-12-25,35,25,24,28.93,45.6,21,0.00
2020-12-26,48,22,24,29.07,43.6,12,0.00
2020-12-27,57,29,24,29.10,48.5,9,0.00
2020-12-28,59,34,28,29.19,66.8,10,0.00
2020-12-29,65,39,25,29.24,66.8,8,0.00
2020-12-30,53,44,30,29.17,79.5,15,0.00
2020-12-31,56,45,40,29.01,92.1,10,0.02
2021-01-01,67,56,34,28.92,93.3,14,2.16
2021-01-02,64,54,31,28.92,85.0,9,0.00
2021-01-03,53,38,26,28.94,69.0,21,0.00
2021-01-04,59,34,24,28.95,62.6,10,0.00
2021-01-05,56,41,24,28.93,61.5,18,0.00
2021-01-06,55,32,24,29.06,57.4,10,0.00
2021-01-07,46,37,31,28.94,69.0,22,0.18
2021-01-08,42,37,30,28.85,86.6,21,0.16
2021-01-09,38,31,25,29.02,72.9,20,0.00
2021-01-10,48,28,24,29.15,65.1,10,0.00
2021-01-11,44,40,29,29.12,79.3,13,0.25
2021-01-12,43,34,35,29.11,86.5,14,0.00
2021-01-13,50,30,24,28.99,65.4,12,0.00
2021-01-14,57,30,25,28.81,60.7,13,0.00
2021-01-15,55,39,30,28.65,54.7,17,0.00
2021-01-16,44,32,24,28.76,52.8,20,0.00
2021-01-17,50,33,24,28.84,56.2,13,0.00
2021-01-18,55,36,24,28.98,47.8,18,0.00
2021-01-19,60,35,26,29.19,49.9,15,0.00
2021-01-20,55,44,25,29.13,53.8,16,0.00
2021-01-21,53,42,35,28.89,82.6,13,0.21
2021-01-22,58,43,25,28.88,72.4,12,0.08
2021-01-23,61,35,24,29.05,48.2,12,0.00
2021-01-24,61,39,28,29.07,51.1,10,0.00
2021-01-25,66,48,35,28.85,82.5,14,0.03
2021-01-26,69,57,31,28.79,79.3,18,0.98
2021-01-27,60,43,30,28.91,82.8,23,1.09
2021-01-28,45,34,26,29.23,54.6,24,0.00
2021-01-29,53,29,24,29.20,46.3,13,0.00
2021-01-30,52,33,26,29.11,60.2,12,0.00
2021-01-31,47,41,44,28.80,90.2,16,0.71
2021-02-01,44,36,28,28.82,68.3,26,0.00
2021-02-02,45,33,26,28.88,50.9,24,0.00
2021-02-03,51,29,24,28.94,48.1,17,0.00
2021-02-04,54,31,24,28.89,47.0,14,0.00
2021-02-05,55,43,28,28.78,58.8,16,0.27
2021-02-06,53,36,30,28.92,66.5,17,1.05
2021-02-07,51,37,30,28.90,78.4,17,0.11
2021-02-08,58,34,24,29.11,65.0,12,0.00
2021-02-09,65,50,34,29.04,78.2,8,0.00
2021-02-10,69,46,25,29.04,74.4,9,0.00
2021-02-11,63,55,45,28.93,94.2,7,0.89
2021-02-12,59,41,41,28.92,93.6,18,0.02
2021-02-13,45,40,28,28.90,88.9,15,0.59
2021-02-14,48,43,28,28.92,88.8,12,0.00
2021-02-15,49,43,46,28.78,92.7,17,1.64
2021-02-16,43,24,28,28.92,76.6,16,0.00
2021-02-17,52,23,24,29.03,56.8,15,0.01
2021-02-18,45,39,35,28.95,90.5,14,1.09
2021-02-19,49,36,28,29.05,69.9,20,0.00
2021-02-20,53,28,24,29.24,45.5,14,0.00
2021-02-21,60,34,24,29.25,44.6,15,0.00
2021-02-22,65,46,35,29.01,73.6,17,0.10
2021-02-23,70,40,24,28.97,39.5,15,0.00
2021-02-24,73,44,24,29.00,38.5,16,0.00
2021-02-25,74,52,24,29.04,40.4,12,0.00
2021-02-26,60,50,30,29.05,78.3,17,0.15
2021-02-27,68,47,35,29.08,86.7,9,0.00
2021-02-28,78,55,32,29.01,76.5,17,0.00
2021-03-01,69,48,34,28.95,78.5,21,0.28
2021-03-02,49,41,25,29.06,58.7,17,0.11
2021-03-03,64,39,26,28.94,58.1,15,0.27
2021-03-04,69,44,24,28.96,39.8,17,0.00
2021-03-05,66,42,24,28.96,34.9,16,0.00
2021-03-06,54,40,24,29.06,38.9,14,0.00
2021-03-07,61,35,24,29.23,33.4,15,0.00
2021-03-08,69,38,25,29.38,30.5,9,0.00
2021-03-09,68,40,23,29.37,33.0,10,0.00
2021-03-10,72,47,24,29.30,38.8,14,0.00
2021-03-11,73,53,24,29.27,53.0,10,0.00
2021-03-12,78,52,24,29.22,52.9,12,0.00
2021-03-13,77,57,24,29.14,61.8,9,0.00
2021-03-14,81,57,24,29.04,51.7,12,0.00
2021-03-15,70,60,26,29.01,61.7,18,0.00
2021-03-16,63,48,36,28.95,90.4,18,0.30
2021-03-17,58,50,26,28.90,94.5,14,0.07
2021-03-18,72,49,43,28.68,79.0,25,1.67
2021-03-19,59,45,28,28.93,66.1,22,0.01
2021-03-20,58,41,24,29.23,40.0,23,0.00
2021-03-21,65,47,26,29.18,53.8,17,0.00
2021-03-22,71,52,23,29.05,49.0,20,0.00
2021-03-23,69,56,24,28.95,59.2,14,0.00
2021-03-24,75,60,28,28.88,69.5,22,0.00
2021-03-25,77,62,28,28.84,74.0,23,0.22
2021-03-26,76,64,39,28.90,79.3,16,2.95
2021-03-27,82,64,31,29.00,75.8,16,0.00
2021-03-28,73,56,30,28.89,68.0,20,0.12
2021-03-29,68,42,24,29.09,38.7,21,0.00
2021-03-30,75,50,25,29.10,64.0,14,0.00
2021-03-31,70,47,42,28.98,86.9,25,3.21
2021-04-01,52,40,24,29.12,40.6,28,0.00
2021-04-02,56,34,24,29.25,37.9,14,0.00
2021-04-03,63,35,24,29.29,39.6,8,0.00
2021-04-04,73,40,24,29.17,37.5,9,0.00
2021-04-05,78,49,24,29.04,34.8,8,0.00
2021-04-06,79,51,24,28.99,38.9,12,0.00
2021-04-07,80,57,24,28.93,50.1,12,0.00
2021-04-08,78,61,27,28.81,66.6,18,0.00
2021-04-09,76,63,28,28.86,77.0,16,0.00
2021-04-10,69,61,39,28.71,84.9,15,0.75
2021-04-11,74,57,27,28.61,62.6,12,0.02
2021-04-12,83,53,24,28.76,41.3,21,0.00
2021-04-13,86,60,25,28.95,39.0,8,0.00
2021-04-14,80,59,25,28.94,55.6,22,0.02
2021-04-15,71,58,29,28.82,65.7,17,0.00
2021-04-16,66,50,24,28.80,45.0,10,0.00
2021-04-17,71,55,24,28.77,53.5,13,0.01
2021-04-18,72,53,24,28.81,48.0,12,0.00
2021-04-19,71,51,24,28.85,49.1,18,0.00
2021-04-20,74,56,25,28.88,45.0,10,0.00
2021-04-21,62,45,24,28.93,48.0,25,0.00
2021-04-22,63,39,25,29.08,39.4,13,0.00
2021-04-23,70,46,24,29.05,44.8,9,0.00
2021-04-24,78,54,50,28.70,82.0,28,7.61
2021-04-25,70,55,30,28.81,68.2,20,0.00
2021-04-26,77,52,24,29.00,56.1,14,0.00
2021-04-27,81,60,24,29.04,63.1,10,0.00
2021-04-28,81,65,24,29.00,62.8,14,0.00
2021-04-29,78,65,24,28.91,70.1,15,0.01
2021-04-30,75,63,26,28.94,65.2,17,0.07
2021-05-01,78,55,24,28.96,44.9,12,0.00
2021-05-02,80,62,24,28.86,61.2,14,0.00
2021-05-03,78,69,50,28.77,85.4,18,6.49
2021-05-04,77,64,42,28.85,84.9,22,3.01
2021-05-05,77,62,28,28.87,77.4,15,0.00
2021-05-06,72,51,24,28.95,56.3,17,0.00
2021-05-07,68,50,26,28.96,51.8,25,0.00
2021-05-08,75,51,24,29.00,46.3,14,0.00
2021-05-09,83,56,24,28.92,51.4,21,0.01
2021-05-10,76,63,33,28.90,80.6,22,0.88
2021-05-11,76,63,26,28.97,75.0,9,0.00
2021-05-12,66,50,34,29.04,83.9,21,0.83
2021-05-13,70,48,25,29.13,55.4,13,0.00
2021-05-14,72,52,24,29.14,49.5,9,0.00
2021-05-15,74,54,24,29.14,51.6,8,0.00
2021-05-16,78,57,24,29.12,49.4,10,0.00
2021-05-17,78,59,24,29.10,52.9,13,0.00
2021-05-18,78,63,25,29.14,64.4,15,0.00
2021-05-19,80,65,24,29.16,59.1,17,0.00
2021-05-20,80,63,24,29.22,58.5,18,0.00
2021-05-21,83,59,24,29.29,53.4,12,0.00
2021-05-22,84,64,24,29.26,51.9,13,0.00
2021-05-23,89,66,24,29.12,48.0,13,0.00
2021-05-24,90,67,24,29.07,49.8,9,0.00
2021-05-25,90,73,24,29.08,50.0,10,0.00
2021-05-26,88,69,24,29.07,50.1,14,0.00
2021-05-27,85,69,24,28.98,62.7,13,0.09
2021-05-28,83,68,29,28.83,77.7,23,0.39
2021-05-29,74,62,31,28.81,72.2,16,0.00
2021-05-30,77,54,27,28.99,60.4,18,0.00
2021-05-31,76,59,24,29.15,58.2,13,0.00
2021-06-01,80,61,24,29.12,56.0,10,0.00
2021-06-02,81,64,27,29.01,64.8,12,0.00
2021-06-03,84,69,24,28.93,61.4,14,0.00
2021-06-04,85,68,24,28.95,66.5,9,0.00
2021-06-05,87,73,31,28.96,74.3,15,2.60
2021-06-06,86,73,26,28.98,74.3,10,0.08
2021-06-07,83,71,31,29.02,82.7,12,0.10
2021-06-08,86,71,37,29.06,78.6,22,0.82
2021-06-09,85,70,35,29.04,81.2,21,0.25
2021-06-10,83,70,31,28.93,82.5,15,0.10
2021-06-11,84,72,45,28.83,82.9,20,1.85
2021-06-12,88,72,35,28.76,75.0,17,0.00
2021-06-13,89,71,25,28.82,67.2,9,0.00
2021-06-14,91,73,29,28.82,68.2,13,0.03
2021-06-15,89,71,24,28.84,55.1,18,0.00
2021-06-16,86,64,24,28.90,49.5,14,0.00
2021-06-17,88,65,24,28.95,47.3,13,0.00
2021-06-18,89,69,24,28.98,52.5,12,0.00
2021-06-19,78,70,42,28.89,86.9,22,6.29
2021-06-20,83,70,50,28.75,85.8,16,0.64
2021-06-21,84,72,37,28.85,81.0,25,2.03
2021-06-22,80,69,50,28.84,82.9,18,1.35
2021-06-23,84,62,25,29.01,61.7,13,0.00
2021-06-24,82,70,28,29.10,70.3,14,0.00
2021-06-25,82,67,24,29.10,65.8,9,0.00
2021-06-26,86,67,28,29.06,72.7,18,0.35
2021-06-27,87,73,30,29.07,75.1,10,0.00
2021-06-28,88,74,24,29.09,66.2,12,0.00
2021-06-29,86,73,31,29.10,73.9,20,0.74
2021-06-30,88,71,26,29.08,70.3,13,0.05
2021-07-01,87,70,24,28.95,71.6,10,0.00
2021-07-02,80,73,34,28.82,86.1,12,1.25
2021-07-03,84,67,24,28.85,61.1,12,0.00
2021-07-04,85,66,24,28.91,59.5,7,0.00
2021-07-05,87,70,27,28.97,59.6,9,0.00
2021-07-06,85,71,24,29.02,68.5,17,0.11
2021-07-07,84,71,27,28.95,78.7,13,0.23
2021-07-08,85,71,28,28.90,76.3,13,0.03
2021-07-09,89,72,40,29.01,78.2,26,0.40
2021-07-10,87,71,41,28.98,75.7,13,2.62
2021-07-11,86,72,34,28.98,82.1,15,0.00
2021-07-12,82,69,33,29.08,85.3,23,1.18
2021-07-13,84,69,29,29.15,80.2,9,0.02
2021-07-14,86,72,24,29.16,73.1,12,0.07
2021-07-15,90,72,24,29.09,66.4,12,0.00
2021-07-16,88,74,28,29.04,74.1,9,0.21
2021-07-17,87,72,29,29.06,71.4,15,0.00
2021-07-18,84,73,29,29.04,78.4,12,1.51
2021-07-19,81,72,42,28.96,87.6,12,2.99
2021-07-20,81,71,41,28.89,86.7,14,0.43
2021-07-21,86,72,36,28.95,81.4,8,0.00
2021-07-22,90,72,24,29.03,70.9,13,0.00
2021-07-23,90,74,29,29.02,72.6,12,0.56
2021-07-24,89,74,24,28.99,72.1,8,0.00
2021-07-25,90,75,28,28.93,71.4,10,0.00
2021-07-26,92,76,29,28.90,72.0,14,0.97
2021-07-27,89,74,27,28.92,74.5,12,0.00
2021-07-28,94,73,31,28.93,75.2,13,0.03
2021-07-29,94,77,24,28.94,65.2,12,0.00
2021-07-30,91,75,26,28.91,69.0,13,0.00
2021-07-31,92,76,24,28.90,68.6,14,0.00
2021-08-01,88,74,28,28.89,72.1,17,0.02
2021-08-02,89,72,25,28.91,64.9,12,0.01
2021-08-03,83,70,33,28.89,80.4,24,4.44
2021-08-04,84,70,30,28.94,71.6,12,0.00
2021-08-05,85,69,28,29.02,67.8,14,0.00
2021-08-06,85,71,24,29.03,66.7,13,0.00
2021-08-07,88,72,29,29.00,69.3,14,0.00
2021-08-08,89,70,24,29.00,67.9,7,0.00
2021-08-09,88,73,24,29.05,73.2,13,0.05
2021-08-10,90,74,25,29.08,70.8,10,0.00
2021-08-11,87,73,28,29.07,76.4,12,0.00
2021-08-12,90,72,29,29.06,70.6,18,0.63
2021-08-13,91,72,25,29.06,68.7,9,0.00
2021-08-14,93,74,27,29.04,70.3,24,0.05
2021-08-15,87,72,34,29.01,79.1,14,0.00
2021-08-16,84,73,32,28.95,83.7,23,0.93
2021-08-17,78,72,46,28.82,90.3,21,7.08
2021-08-18,91,71,24,29.04,71.5,8,0.00
2021-08-19,91,74,29,29.02,76.7,29,0.00
2021-08-20,88,72,35,28.89,79.0,13,0.00
2021-08-21,84,74,29,28.85,80.4,10,0.00
2021-08-22,86,73,40,28.86,83.9,23,1.69
2021-08-23,91,73,28,28.89,72.1,12,0.00
2021-08-24,93,77,25,28.95,63.5,10,0.00
2021-08-25,92,73,28,29.02,70.9,17,0.47
2021-08-26,88,72,28,29.06,77.3,8,0.00
2021-08-27,89,75,25,29.04,70.7,13,0.00
2021-08-28,87,75,27,29.08,76.5,12,0.00
2021-08-29,89,76,28,29.06,73.6,13,0.00
2021-08-30,86,73,28,28.91,79.7,15,0.37
2021-08-31,78,73,39,28.67,88.8,20,0.98
2021-09-01,86,71,27,28.68,74.4,18,0.00
2021-09-02,86,70,24,28.84,66.2,13,0.00
2021-09-03,81,67,24,28.97,59.3,12,0.00
2021-09-04,84,64,24,28.96,58.6,7,0.00
2021-09-05,86,63,24,28.89,65.1,8,0.00
2021-09-06,83,73,26,28.87,79.7,9,0.00
2021-09-07,84,71,36,28.88,81.7,15,0.21
2021-09-08,83,71,33,28.84,84.9,12,0.00
2021-09-09,83,67,30,28.81,68.7,18,0.00
2021-09-10,82,62,24,28.98,56.2,12,0.00
2021-09-11,82,65,24,29.11,60.8,8,0.00
2021-09-12,84,66,24,29.17,68.5,8,0.00
2021-09-13,88,69,24,29.10,64.2,10,0.00
2021-09-14,87,71,24,28.97,67.6,10,0.00
2021-09-15,78,69,25,28.92,83.2,13,0.46
2021-09-16,76,69,36,28.94,89.9,14,0.83
2021-09-17,77,71,34,29.02,87.1,10,0.02
2021-09-18,83,73,26,29.01,80.8,12,0.07
2021-09-19,80,72,44,28.99,87.9,13,2.91
2021-09-20,74,71,39,28.97,90.5,16,1.77
2021-09-21,84,71,35,28.97,85.3,12,0.82
2021-09-22,77,61,35,28.87,81.8,20,0.35
2021-09-23,73,53,25,28.92,59.4,16,0.00
2021-09-24,75,54,24,28.99,59.4,10,0.00
2021-09-25,78,57,24,29.00,62.6,10,0.00
2021-09-26,80,58,24,29.03,63.4,13,0.00
2021-09-27,82,61,24,29.02,63.5,6,0.00
2021-09-28,83,64,24,28.95,65.5,9,0.00
2021-09-29,85,66,24,28.94,64.8,12,0.00
2021-09-30,82,66,24,29.01,70.2,7,0.00
2021-10-01,85,67,25,29.08,68.8,9,0.00
2021-10-02,80,70,32,29.10,79.6,9,0.00
2021-10-03,77,68,31,28.96,83.7,13,1.71
2021-10-04,76,68,36,28.91,87.4,9,0.39
2021-10-05,71,66,38,28.96,90.6,14,2.95
2021-10-06,75,69,38,29.03,87.9,15,0.43
2021-10-07,77,70,37,29.03,88.5,9,0.55
2021-10-08,83,70,27,28.96,73.5,13,0.00
2021-10-09,83,66,31,28.94,74.3,14,0.00
2021-10-10,82,64,24,28.93,72.4,14,0.00
2021-10-11,78,64,24,28.92,77.1,10,0.00
2021-10-12,79,65,31,28.99,82.3,10,0.00
2021-10-13,82,64,25,28.97,75.7,6,0.00
2021-10-14,83,65,24,28.93,72.1,7,0.00
2021-10-15,84,64,24,28.89,72.4,9,0.00
2021-10-16,71,55,27,28.90,68.2,23,0.00
2021-10-17,68,47,24,29.06,54.5,15,0.00
2021-10-18,73,50,24,29.08,52.7,10,0.00
2021-10-19,75,50,24,29.11,60.5,7,0.00
2021-10-20,76,53,24,29.14,61.8,8,0.00
2021-10-21,76,60,25,29.04,77.2,13,0.02
2021-10-22,74,59,31,28.94,74.9,14,0.57
2021-10-23,75,50,24,28.96,62.5,12,0.00
2021-10-24,77,52,24,28.99,65.0,8,0.00
2021-10-25,78,61,26,28.83,72.9,18,0.00
2021-10-26,67,53,26,28.82,63.3,22,0.00
2021-10-27,73,47,24,28.79,60.4,10,0.00
2021-10-28,61,55,35,28.56,89.3,17,0.37
2021-10-29,57,51,30,28.47,87.0,14,0.02
2021-10-30,58,51,38,28.60,89.0,16,0.12
2021-10-31,61,51,27,28.87,75.7,17,0.00
2021-11-01,71,46,25,29.07,67.4,10,0.00
2021-11-02,69,48,24,29.10,67.3,14,0.00
2021-11-03,60,44,26,29.12,69.2,16,0.00
2021-11-04,49,46,27,29.12,83.8,13,0.13
2021-11-05,53,43,28,29.14,71.4,17,0.00
2021-11-06,59,44,24,29.08,54.2,22,0.00
2021-11-07,67,39,24,29.06,54.8,14,0.00
2021-11-08,74,43,24,29.14,45.3,9,0.00
2021-11-09,77,46,24,29.15,55.4,7,0.00
2021-11-10,75,50,24,29.05,57.9,8,0.00
2021-11-11,73,55,32,28.94,76.1,18,1.23
2021-11-12,68,48,25,28.97,64.2,13,0.00
2021-11-13,56,39,24,28.92,64.3,17,0.00
2021-11-14,60,35,24,28.95,54.3,14,0.00
2021-11-15,62,42,24,29.07,53.7,12,0.00
2021-11-16,71,46,24,29.10,66.8,13,0.00
2021-11-17,73,50,24,29.14,64.5,10,0.00
2021-11-18,74,46,27,29.14,68.3,23,0.00
2021-11-19,62,38,24,29.23,41.2,16,0.00
2021-11-20,58,37,26,29.28,50.8,21,0.00
2021-11-21,65,45,28,29.13,62.7,12,0.00
2021-11-22,61,41,37,28.92,73.0,22,0.67
2021-11-23,54,32,24,29.11,44.1,12,0.00
2021-11-24,58,33,24,29.23,47.8,8,0.00
2021-11-25,66,36,26,29.09,65.3,14,0.13
2021-11-26,55,38,28,28.98,61.9,23,0.09
2021-11-27,61,35,24,28.99,39.2,14,0.00
2021-11-28,56,42,24,28.92,50.9,15,0.00
2021-11-29,54,38,24,29.00,41.5,17,0.00
2021-11-30,66,36,24,29.07,47.9,13,0.00
2021-12-01,69,46,24,29.06,56.0,12,0.00
2021-12-02,73,50,24,29.00,58.2,13,0.00
2021-12-03,76,51,24,28.99,60.6,8,0.00
2021-12-04,70,53,24,29.01,79.9,7,0.00
2021-12-05,65,55,29,29.04,83.6,8,0.00
2021-12-06,64,46,48,28.94,90.2,21,0.93
2021-12-07,52,37,25,28.99,66.0,12,0.00
2021-12-08,53,42,41,28.90,84.5,12,2.19
2021-12-09,55,40,24,29.03,76.6,13,0.01
2021-12-10,57,47,28,28.99,95.0,9,0.43
2021-12-11,74,49,44,28.89,88.1,26,0.91
2021-12-12,57,36,24,29.15,60.2,18,0.00
2021-12-13,61,39,24,29.27,56.6,8,0.00
2021-12-14,69,38,24,29.30,56.0,8,0.00
2021-12-15,60,42,28,29.30,62.8,12,0.00
2021-12-16,66,51,29,29.15,75.0,9,0.00
2021-12-17,67,55,40,29.11,90.5,6,0.00
2021-12-18,68,62,47,28.95,92.3,12,2.30
2021-12-19,63,41,41,28.94,84.9,22,0.08
2021-12-20,46,40,24,29.10,66.2,15,0.00
2021-12-21,43,40,28,28.86,73.5,13,0.18
2021-12-22,54,39,24,28.88,56.2,21,0.00
2021-12-23,61,35,24,29.09,43.3,10,0.00
2021-12-24,66,38,26,29.04,64.4,12,0.00
2021-12-25,68,53,30,28.89,76.0,20,0.00
2021-12-26,75,58,25,28.93,78.8,12,0.00
2021-12-27,69,59,39,28.91,86.6,16,0.00
2021-12-28,75,62,31,28.83,81.1,12,0.00
2021-12-29,73,65,37,28.82,86.0,15,0.39
2021-12-30,69,61,62,28.83,91.8,16,7.56
2021-12-31,72,57,38,28.88,92.4,8,0.01
2022-01-01,78,68,35,28.79,78.7,20,0.12
2022-01-02,73,52,43,28.72,87.0,30,3.18
2022-01-03,49,32,28,29.00,76.3,31,0.32
2022-01-04,51,30,25,29.16,63.3,12,0.00
2022-01-05,58,43,29,28.95,70.7,13,0.00
2022-01-06,63,37,27,28.84,81.6,23,0.06
2022-01-07,52,28,25,29.11,56.0,18,0.00
2022-01-08,52,30,25,29.33,51.5,13,0.00
2022-01-09,64,43,38,29.18,77.2,18,0.68
2022-01-10,52,36,25,29.23,45.8,20,0.00
2022-01-11,51,30,24,29.33,40.0,22,0.00
2022-01-12,55,33,24,29.19,46.2,7,0.00
2022-01-13,58,38,24,28.88,53.8,20,0.00
2022-01-14,55,39,23,28.86,60.8,14,0.00
2022-01-15,47,40,24,28.91,71.6,23,0.26
2022-01-16,40,34,60,28.51,90.2,30,1.29
2022-01-17,37,34,25,28.80,73.4,22,0.00
2022-01-18,55,30,25,29.05,59.9,12,0.00
2022-01-19,62,36,24,29.06,51.9,12,0.00
2022-01-20,53,32,33,29.00,85.8,18,0.42
2022-01-21,38,30,37,29.14,88.6,13,0.01
2022-01-22,45,31,30,29.18,71.8,9,0.00
2022-01-23,51,26,24,28.95,56.2,13,0.00
2022-01-24,59,33,24,28.84,48.1,13,0.00
2022-01-25,59,43,24,28.90,54.9,18,0.00
2022-01-26,51,31,24,29.11,48.9,15,0.00
2022-01-27,53,33,24,29.17,47.8,15,0.00
2022-01-28,50,31,27,28.96,54.5,23,0.01
2022-01-29,38,26,26,29.04,45.4,24,0.03
2022-01-30,57,26,24,28.97,38.0,16,0.00
2022-01-31,59,37,21,29.03,45.7,10,0.00
2022-02-01,60,34,24,29.14,47.2,14,0.00
2022-02-02,57,44,27,29.09,65.0,17,0.09
2022-02-03,66,46,38,28.93,91.1,22,1.71
2022-02-04,65,34,40,28.99,89.4,24,2.59
2022-02-05,45,29,25,29.23,53.0,20,0.00
2022-02-06,51,31,27,29.20,48.3,17,0.00
2022-02-07,50,42,26,29.08,51.3,13,0.00
2022-02-08,55,35,25,29.05,48.0,16,0.00
2022-02-09,62,33,24,28.97,45.6,15,0.00
2022-02-10,67,41,24,28.97,39.7,17,0.00
2022-02-11,67,43,24,28.94,39.4,15,0.00
2022-02-12,69,47,24,28.98,52.3,16,0.00
2022-02-13,48,36,24,29.03,41.2,24,0.00
2022-02-14,57,31,24,29.18,41.2,13,0.00
2022-02-15,63,37,24,29.35,43.2,9,0.00
2022-02-16,69,43,24,29.28,58.1,15,0.00
2022-02-17,71,55,41,28.98,80.7,26,2.63
2022-02-18,63,33,31,28.96,76.6,21,0.37
2022-02-19,56,30,24,29.17,46.3,20,0.00
2022-02-20,61,36,24,29.24,37.8,14,0.00
2022-02-21,57,44,28,29.18,77.6,9,1.16
2022-02-22,72,54,35,29.11,83.5,13,0.09
2022-02-23,75,63,31,29.09,82.0,13,0.33
2022-02-24,76,62,29,29.07,75.8,10,0.00
2022-02-25,65,46,38,29.13,78.6,25,0.16
2022-02-26,63,38,24,29.20,58.3,17,0.00
2022-02-27,53,47,40,29.06,86.6,13,0.68
2022-02-28,64,45,33,29.06,66.4,12,0.00
2022-03-01,68,42,25,29.05,42.2,10,0.00
2022-03-02,78,47,25,29.04,33.1,16,0.00
2022-03-03,80,51,24,29.06,30.8,12,0.00
2022-03-04,77,53,25,29.17,38.8,15,0.00
2022-03-05,77,51,28,29.20,61.2,14,0.00
2022-03-06,80,58,24,29.13,63.7,13,0.00
2022-03-07,75,55,30,28.97,79.9,18,0.17
2022-03-08,54,46,37,28.93,85.8,13,1.81
2022-03-09,57,50,38,28.79,85.2,14,0.70
2022-03-10,65,46,29,28.90,75.4,15,0.00
2022-03-11,59,48,31,28.86,90.0,14,0.00
2022-03-12,54,29,40,28.77,69.2,38,2.70
2022-03-13,29,27,3,29.22,37.3,13,0.00
2022-03-14,65,38,24,29.27,33.3,12,0.00
2022-03-15,67,49,25,29.11,70.6,17,0.23
2022-03-16,63,53,32,28.89,88.0,17,1.54
2022-03-17,74,48,39,28.90,80.9,10,0.00
2022-03-18,60,54,38,28.87,87.6,35,1.34
2022-03-19,66,50,33,28.88,72.0,17,0.00
2022-03-20,68,42,24,29.10,43.9,21,0.00
2022-03-21,73,46,24,29.13,35.8,12,0.00
2022-03-22,76,52,24,28.95,50.5,24,0.00
2022-03-23,76,60,36,28.71,76.6,21,1.45
2022-03-24,67,46,24,28.82,47.1,17,0.00
2022-03-25,62,47,24,28.82,48.5,23,0.00
2022-03-26,64,46,24,28.84,40.3,29,0.00
2022-03-27,64,44,24,28.94,28.5,20,0.00
2022-03-28,65,43,24,29.02,30.0,15,0.00
2022-03-29,75,51,24,29.03,37.2,12,0.00
2022-03-30,83,56,26,28.84,53.2,23,0.00
2022-03-31,72,56,30,28.63,68.2,21,1.28
2022-04-01,67,48,24,28.89,48.2,16,0.00
2022-04-02,67,48,24,28.94,45.8,12,0.00
2022-04-03,69,48,24,28.89,42.4,16,0.00
2022-04-04,76,49,25,28.88,33.9,12,0.00
2022-04-05,66,54,42,28.69,81.2,17,4.51
2022-04-06,72,61,38,28.65,91.7,20,1.37
2022-04-07,69,54,27,28.66,56.5,18,0.37
2022-04-08,58,46,24,28.76,48.5,21,0.00
2022-04-09,55,41,28,28.87,56.0,22,0.03
2022-04-10,73,38,24,28.98,42.3,10,0.00
2022-04-11,70,50,26,29.03,54.1,12,0.00
2022-04-12,82,58,24,29.03,56.8,13,0.00
2022-04-13,75,64,24,28.93,66.2,17,0.00
2022-04-14,76,59,32,28.89,68.2,16,0.42
2022-04-15,77,50,24,29.04,36.5,17,0.00
2022-04-16,73,59,39,28.95,81.6,13,2.42
2022-04-17,73,60,33,28.90,82.9,10,0.00
2022-04-18,72,50,32,28.86,76.2,23,0.01
2022-04-19,63,43,24,29.08,42.8,21,0.00
2022-04-20,71,46,24,29.19,41.5,14,0.00
2022-04-21,75,55,24,29.28,63.3,10,0.00
2022-04-22,80,59,24,29.26,59.0,7,0.00
2022-04-23,80,60,24,29.15,56.1,15,0.00
2022-04-24,80,60,24,29.09,60.2,10,0.00
2022-04-25,84,62,24,29.04,59.8,10,0.00
2022-04-26,72,57,29,29.05,75.2,18,0.09
2022-04-27,76,48,24,29.05,42.8,13,0.00
2022-04-28,77,53,24,29.03,41.5,10,0.00
2022-04-29,78,57,24,29.00,46.5,15,0.00
2022-04-30,81,60,24,28.96,61.5,12,0.00
2022-05-01,80,65,29,28.96,74.2,16,0.00
2022-05-02,84,65,29,28.97,67.3,10,0.00
2022-05-03,85,67,24,28.95,60.7,14,0.00
2022-05-04,85,64,35,28.95,73.3,24,0.74
2022-05-05,87,68,24,28.90,63.5,14,0.00
2022-05-06,80,68,32,28.70,70.4,25,0.45
2022-05-07,67,60,27,28.67,67.4,21,0.00
2022-05-08,69,54,35,28.81,77.1,13,0.00
2022-05-09,72,53,24,29.03,63.1,17,0.00
2022-05-10,81,58,25,29.11,47.7,13,0.00
2022-05-11,84,60,24,29.07,50.3,12,0.00
2022-05-12,85,65,24,28.98,49.2,15,0.00
2022-05-13,79,65,30,28.94,66.4,15,0.00
2022-05-14,82,63,32,28.91,72.8,13,0.00
2022-05-15,86,67,30,28.84,63.5,22,0.00
2022-05-16,86,66,24,28.80,60.7,17,0.00
2022-05-17,85,60,23,28.92,45.6,12,0.00
2022-05-18,87,63,24,28.91,45.9,14,0.00
2022-05-19,89,70,24,28.82,60.5,15,0.00
2022-05-20,88,70,29,28.87,65.4,17,0.00
2022-05-21,88,71,31,29.03,68.0,15,0.00
2022-05-22,88,70,24,29.08,63.2,14,0.01
2022-05-23,78,68,39,28.97,82.6,22,5.45
2022-05-24,83,69,24,28.98,74.0,25,0.00
2022-05-25,79,68,30,29.02,80.8,15,0.20
2022-05-26,76,69,39,28.94,84.4,21,0.85
2022-05-27,82,66,28,28.83,68.4,18,0.00
2022-05-28,81,61,24,28.84,60.4,10,0.00
2022-05-29,84,68,24,28.91,54.0,12,0.00
2022-05-30,87,68,24,28.98,63.9,22,0.00
2022-05-31,86,67,32,29.03,72.4,8,0.00
2022-06-01,91,71,24,28.93,57.9,12,0.00
2022-06-02,92,73,26,28.81,59.8,20,0.00
2022-06-03,85,68,26,28.78,67.5,15,0.00
2022-06-04,85,70,23,28.79,54.6,17,0.00
2022-06-05,85,68,24,28.80,51.2,14,0.00
2022-06-06,85,68,32,28.87,68.7,25,2.26
2022-06-07,83,69,33,28.90,77.2,22,0.39
2022-06-08,84,69,30,28.88,79.9,36,2.65
2022-06-09,84,68,27,28.85,73.3,15,0.02
2022-06-10,82,64,24,28.85,58.6,12,0.00
2022-06-11,87,70,24,28.81,57.9,9,0.00
2022-06-12,92,73,24,28.85,61.6,10,0.00
2022-06-13,95,75,24,28.94,63.0,14,0.00
2022-06-14,95,79,24,28.96,65.6,15,0.00
2022-06-15,98,76,26,28.97,63.7,13,0.24
2022-06-16,95,76,25,29.04,56.8,8,0.00
2022-06-17,95,78,27,28.98,60.4,30,0.00
2022-06-18,92,73,24,28.87,54.4,18,0.00
2022-06-19,88,68,24,29.01,34.1,18,0.00
2022-06-20,92,68,24,29.10,43.6,9,0.00
2022-06-21,95,71,24,29.09,47.7,14,0.00
2022-06-22,97,72,24,28.96,49.2,15,0.00
2022-06-23,98,77,25,28.81,53.7,16,0.00
2022-06-24,93,76,27,28.87,58.9,15,0.00
2022-06-25,92,74,29,28.99,60.7,15,0.01
2022-06-26,90,74,24,29.02,57.2,10,0.00
2022-06-27,89,71,34,29.00,75.7,16,7.62
2022-06-28,81,72,29,29.04,81.2,13,0.09
2022-06-29,87,72,37,29.11,82.3,15,0.72
2022-06-30,90,72,26,29.09,71.0,86,0.00
2022-07-01,82,74,33,29.03,76.6,12,0.01
2022-07-02,89,72,27,28.96,73.2,9,0.00
2022-07-03,92,73,27,28.98,75.0,15,0.59
2022-07-04,91,74,37,29.02,76.4,10,0.08
2022-07-05,92,73,32,29.00,77.0,15,3.92
2022-07-06,93,77,25,28.93,69.3,12,0.00
2022-07-07,93,77,33,28.93,67.3,15,0.00
2022-07-08,93,75,28,28.95,73.2,16,0.04
2022-07-09,86,74,36,28.95,83.4,22,0.06
2022-07-10,86,73,40,28.85,79.8,18,0.54
2022-07-11,81,72,27,28.88,78.9,16,0.00
2022-07-12,88,73,27,28.88,77.0,13,0.00
2022-07-13,91,74,36,28.92,79.1,23,0.31
2022-07-14,89,73,25,29.01,68.7,10,0.00
2022-07-15,91,71,24,29.03,61.6,12,0.00
2022-07-16,89,71,24,28.99,67.5,8,0.00
2022-07-17,89,73,24,28.96,64.5,9,0.00
2022-07-18,91,73,26,28.91,69.5,15,0.17
2022-07-19,87,69,41,28.95,84.0,20,2.69
2022-07-20,91,74,26,28.88,75.1,10,0.00
2022-07-21,80,72,34,28.88,84.2,16,0.20
2022-07-22,88,71,28,28.97,74.9,13,0.24
2022-07-23,91,71,30,29.04,71.7,32,0.00
2022-07-24,92,74,24,29.04,64.2,8,0.00
2022-07-25,90,74,25,29.02,69.4,13,0.00
2022-07-26,91,75,24,29.03,67.7,13,0.00
2022-07-27,93,75,24,29.01,63.2,13,0.00
2022-07-28,91,75,25,28.98,67.9,13,0.01
2022-07-29,94,75,26,28.98,69.3,20,0.23
2022-07-30,89,73,31,29.05,78.0,14,0.06
2022-07-31,91,71,25,29.10,69.3,14,0.00
2022-08-01,84,74,24,29.07,74.1,14,0.00
2022-08-02,91,73,25,28.99,73.2,13,0.00
2022-08-03,89,74,27,28.96,74.0,10,0.02
2022-08-04,89,71,34,29.01,76.3,22,0.70
2022-08-05,91,74,27,29.06,73.8,15,0.22
2022-08-06,90,72,37,29.13,79.4,23,2.56
2022-08-07,88,71,30,29.11,75.9,9,0.12
2022-08-08,91,72,28,29.04,72.2,16,0.00
2022-08-09,89,72,30,29.05,79.4,16,2.32
2022-08-10,85,71,35,29.07,81.0,22,1.73
2022-08-11,85,71,29,29.00,81.4,14,0.49
2022-08-12,89,72,33,28.94,76.9,13,0.01
2022-08-13,83,71,31,28.98,72.0,16,0.00
2022-08-14,87,71,24,28.94,64.0,10,0.00
2022-08-15,89,73,31,28.83,70.4,17,0.32
2022-08-16,87,71,25,28.84,71.8,12,0.00
2022-08-17,81,68,33,28.89,78.8,21,1.39
2022-08-18,80,68,29,28.89,76.9,10,0.03
2022-08-19,78,72,31,28.93,88.4,9,0.37
2022-08-20,86,72,32,29.04,82.8,18,0.01
2022-08-21,84,70,31,29.00,83.6,10,0.05
2022-08-22,82,73,32,28.92,83.7,12,0.00
2022-08-23,87,72,26,28.88,78.7,9,0.00
2022-08-24,84,72,30,28.95,81.1,16,0.34
2022-08-25,82,71,31,28.99,89.5,9,0.79
2022-08-26,87,72,31,28.96,81.2,8,0.25
2022-08-27,89,73,25,28.91,77.0,10,0.00
2022-08-28,89,73,27,28.94,74.8,9,0.00
2022-08-29,89,73,24,28.96,70.6,10,0.00
2022-08-30,90,72,37,28.92,84.5,25,0.61
2022-08-31,88,73,27,28.91,72.4,12,0.00
2022-09-01,90,69,25,28.92,63.3,10,0.00
2022-09-02,85,73,26,29.00,76.5,16,0.09
2022-09-03,88,72,33,29.04,76.6,10,0.00
2022-09-04,81,73,39,28.95,85.6,12,0.32
2022-09-05,84,72,37,28.91,88.7,13,0.16
2022-09-06,86,71,27,28.96,80.3,9,0.00
2022-09-07,87,71,24,28.87,71.8,13,0.00
2022-09-08,84,72,26,28.77,71.6,16,0.00
2022-09-09,78,71,33,28.82,75.6,22,0.00
2022-09-10,73,66,42,28.94,92.3,15,0.25
2022-09-11,82,71,32,28.98,86.2,10,0.02
2022-09-12,84,68,35,28.86,80.9,13,0.00
2022-09-13,81,57,24,28.87,59.5,16,0.00
2022-09-14,83,62,25,28.97,59.6,9,0.00
2022-09-15,82,66,24,29.06,59.1,12,0.00
2022-09-16,82,64,24,29.09,61.2,13,0.00
2022-09-17,83,65,24,29.08,62.8,9,0.00
2022-09-18,85,66,24,29.03,61.2,9,0.00
2022-09-19,87,68,25,28.97,57.2,9,0.00
2022-09-20,91,70,25,28.93,72.5,10,0.39
2022-09-21,93,71,24,28.91,64.3,7,0.00
2022-09-22,92,72,24,28.83,61.5,17,0.00
2022-09-23,79,62,24,28.97,47.6,14,0.00
2022-09-24,80,56,24,29.00,52.9,7,0.00
2022-09-25,83,63,24,28.87,61.9,13,0.00
2022-09-26,80,65,24,28.85,58.2,15,0.00
2022-09-27,75,55,24,28.95,43.6,20,0.00
2022-09-28,75,56,24,29.07,37.9,18,0.00
2022-09-29,75,56,25,29.03,43.7,28,0.00
2022-09-30,77,62,24,28.84,48.1,28,0.00
2022-10-01,78,56,24,28.78,53.3,23,0.00
2022-10-02,77,55,24,28.89,63.3,18,0.00
2022-10-03,77,56,24,29.00,61.0,12,0.00
2022-10-04,77,58,24,29.00,64.6,14,0.00
2022-10-05,79,52,24,28.97,53.0,15,0.00
2022-10-06,80,52,25,28.99,48.4,12,0.00
2022-10-07,83,57,24,29.05,49.5,13,0.00
2022-10-08,75,54,24,29.10,49.5,15,0.00
2022-10-09,73,46,27,29.11,57.8,10,0.00
2022-10-10,76,49,24,29.11,53.2,12,0.00
2022-10-11,79,57,28,29.14,69.4,12,0.00
2022-10-12,71,64,35,29.00,88.4,13,1.26
2022-10-13,76,59,37,28.80,80.5,15,1.11
2022-10-14,74,49,24,28.90,52.0,13,0.00
2022-10-15,81,51,24,29.01,54.8,10,0.00
2022-10-16,81,56,24,28.96,56.0,9,0.00
2022-10-17,76,56,25,28.77,58.4,18,0.00
2022-10-18,53,40,25,28.85,42.9,21,0.00
2022-10-19,60,37,24,29.01,50.7,17,0.00
2022-10-20,64,39,24,28.98,43.2,10,0.00
2022-10-21,70,43,24,29.01,45.8,8,0.00
2022-10-22,74,45,24,29.07,48.5,7,0.00
2022-10-23,74,48,24,29.08,49.0,6,0.00
2022-10-24,77,50,24,29.04,57.6,9,0.00
2022-10-25,77,53,29,28.86,69.2,15,0.33
2022-10-26,67,51,29,28.81,75.8,17,0.02
2022-10-27,72,47,25,28.97,66.3,13,0.00
2022-10-28,71,55,26,29.14,62.9,18,0.00
2022-10-29,66,53,28,29.16,74.9,16,0.00
2022-10-30,60,57,33,29.01,94.1,16,0.17
2022-10-31,74,59,28,28.91,82.2,10,0.44
2022-11-01,72,54,25,29.07,72.5,10,0.00
2022-11-02,74,58,25,29.14,66.1,13,0.00
2022-11-03,75,57,24,29.15,69.2,9,0.00
2022-11-04,75,54,24,29.10,67.5,14,0.00
2022-11-05,77,62,37,28.97,81.6,17,0.00
2022-11-06,82,68,29,29.03,77.0,8,0.00
2022-11-07,82,68,35,29.15,80.6,9,0.00
2022-11-08,80,62,24,29.21,55.8,17,0.00
2022-11-09,69,52,25,29.23,42.9,22,0.00
2022-11-10,67,59,26,28.91,74.1,24,0.13
2022-11-11,70,64,40,28.55,90.8,23,1.71
2022-11-12,69,42,34,28.83,82.7,20,0.00
2022-11-13,48,34,27,29.05,62.7,22,0.00
2022-11-14,53,34,24,29.12,58.0,18,0.00
2022-11-15,49,45,34,29.01,88.8,17,0.50
2022-11-16,49,39,29,29.08,69.7,17,0.00
2022-11-17,46,33,24,29.14,54.8,15,0.00
2022-11-18,53,30,24,29.18,49.9,12,0.00
2022-11-19,53,34,24,29.19,58.2,13,0.00
2022-11-20,46,34,24,29.22,40.0,15,0.00
2022-11-21,57,32,24,29.28,40.4,10,0.00
2022-11-22,63,45,24,29.22,37.7,7,0.00
2022-11-23,71,44,25,29.11,46.0,7,0.00
2022-11-24,63,53,29,29.10,50.5,14,0.00
2022-11-25,66,51,34,29.01,85.8,13,0.37
2022-11-26,65,49,29,28.99,73.2,14,0.25
2022-11-27,66,54,31,28.72,75.2,24,0.83
2022-11-28,64,48,25,28.89,67.2,15,0.00
2022-11-29,69,44,24,28.98,71.4,13,0.50
2022-11-30,69,42,43,28.94,78.3,22,2.78
2022-12-01,56,34,24,29.29,43.2,15,0.00
2022-12-02,61,40,26,29.30,55.7,12,0.00
2022-12-03,64,51,37,29.20,87.3,21,0.04
2022-12-04,60,45,29,29.11,76.5,10,0.00
2022-12-05,52,48,33,29.01,83.8,15,1.34
2022-12-06,54,48,35,29.06,96.5,10,0.41
2022-12-07,72,54,32,29.16,90.6,9,0.00
2022-12-08,78,61,40,29.10,87.2,13,0.00
2022-12-09,71,57,36,29.01,88.8,15,0.60
2022-12-10,57,53,40,29.09,91.8,12,0.00
2022-12-11,54,52,33,29.03,94.4,8,0.46
2022-12-12,61,52,38,29.01,87.1,9,0.00
2022-12-13,53,48,32,29.07,78.8,16,0.00
2022-12-14,49,44,31,28.90,86.3,18,0.64
2022-12-15,58,42,31,28.72,74.9,16,0.74
2022-12-16,53,37,24,28.88,55.8,17,0.00
2022-12-17,47,36,24,28.89,52.4,14,0.00
2022-12-18,46,32,24,29.07,52.4,17,0.00
2022-12-19,50,30,24,29.22,50.2,12,0.00
2022-12-20,44,39,31,29.24,81.5,17,0.07
2022-12-21,50,40,29,29.15,68.6,16,0.00
2022-12-22,49,40,34,28.88,93.4,16,0.01
2022-12-23,51,11,25,28.97,56.8,31,0.01
2022-12-24,26,8,24,29.16,55.7,21,0.00
2022-12-25,36,18,24,29.14,44.2,15,0.00
2022-12-26,44,19,25,29.14,39.5,9,0.00
2022-12-27,52,30,27,29.16,57.9,8,0.01
2022-12-28,57,30,24,29.18,51.6,10,0.00
2022-12-29,66,43,24,29.21,58.6,9,0.00
2022-12-30,66,47,38,29.09,78.8,21,0.06
2022-12-31,63,55,40,28.92,90.7,8,0.16
2023-01-01,70,54,41,29.00,86.9,8,0.00
2023-01-02,72,51,34,29.08,85.9,8,0.00
2023-01-03,70,63,42,28.93,90.5,23,2.75
2023-01-04,69,53,51,28.84,83.9,17,3.85
2023-01-05,62,47,24,29.00,51.8,17,0.00
2023-01-06,58,39,24,29.12,50.7,18,0.00
2023-01-07,64,38,24,29.16,53.7,8,0.00
2023-01-08,63,49,31,29.07,72.9,16,0.24
2023-01-09,55,43,29,29.04,72.2,17,0.00
2023-01-10,62,37,24,28.98,58.8,13,0.00
2023-01-11,66,43,30,28.95,71.9,13,0.00
2023-01-12,70,53,35,28.83,83.1,37,1.47
2023-01-13,52,37,26,28.87,68.7,24,0.00
2023-01-14,44,32,26,29.02,55.8,24,0.00
2023-01-15,57,29,24,29.06,50.7,12,0.00
2023-01-16,61,34,24,28.96,48.2,10,0.00
2023-01-17,61,50,37,28.82,81.2,15,0.32
2023-01-18,65,57,44,28.91,94.5,10,0.10
2023-01-19,72,56,33,28.83,68.6,20,0.11
2023-01-20,59,43,24,29.00,50.0,20,0.00
2023-01-21,49,40,25,29.04,60.5,13,0.03
2023-01-22,47,39,43,28.78,93.3,20,5.54
2023-01-23,48,36,32,28.99,74.2,22,0.02
2023-01-24,53,31,24,29.11,58.8,14,0.00
2023-01-25,65,42,41,28.75,81.0,18,1.27
2023-01-26,49,36,28,28.99,65.3,17,0.00
2023-01-27,52,31,24,29.18,58.7,12,0.00
2023-01-28,58,33,24,29.24,48.0,10,0.00
2023-01-29,54,42,31,29.13,73.9,10,0.78
2023-01-30,61,49,26,29.07,89.2,10,0.25
2023-01-31,66,55,35,29.05,90.1,13,0.01
2023-02-01,59,48,36,29.08,86.4,12,0.06
2023-02-02,50,46,39,29.05,91.4,13,0.96
2023-02-03,48,35,24,29.16,52.7,22,0.06
2023-02-04,50,30,24,29.36,44.3,12,0.00
2023-02-05,62,36,28,29.16,60.2,12,0.00
2023-02-06,65,43,24,29.09,54.9,10,0.00
2023-02-07,67,41,24,29.17,52.2,8,0.00
2023-02-08,73,56,24,29.13,60.5,12,0.00
2023-02-09,69,53,29,29.02,77.0,15,0.00
2023-02-10,61,49,25,29.03,69.2,13,0.13
2023-02-11,55,42,30,28.93,71.5,32,0.64
2023-02-12,48,41,35,28.75,85.2,22,0.17
2023-02-13,65,38,24,28.89,47.8,15,0.00
2023-02-14,69,41,24,28.94,47.6,13,0.00
2023-02-15,64,55,24,29.01,72.9,13,0.01
2023-02-16,74,55,28,28.94,74.9,17,0.00
2023-02-17,68,34,32,28.94,75.3,31,0.85
2023-02-18,58,30,24,29.27,51.3,20,0.00
2023-02-19,64,43,27,29.15,49.0,9,0.00
2023-02-20,76,48,24,28.87,57.5,17,0.00
2023-02-21,69,61,32,28.78,82.2,14,0.02
2023-02-22,81,61,31,28.88,71.6,17,0.00
2023-02-23,77,69,31,29.00,79.3,15,0.04
2023-02-24,75,56,36,29.16,83.7,12,0.34
2023-02-25,63,55,39,29.12,89.7,14,0.05
2023-02-26,75,61,26,28.96,77.3,16,0.00
2023-02-27,75,59,32,28.75,80.6,17,0.00
2023-02-28,80,60,24,28.77,44.3,13,0.00
2023-03-01,75,60,32,28.87,75.4,16,0.00
2023-03-02,70,61,31,28.78,83.5,18,0.44
2023-03-03,78,59,38,28.55,83.2,29,0.57
2023-03-04,70,51,24,28.81,58.7,14,0.00
2023-03-05,72,50,24,29.05,43.8,17,0.00
2023-03-06,79,51,28,29.01,55.6,13,0.00
2023-03-07,79,62,25,28.94,51.4,17,0.00
2023-03-08,66,50,26,29.10,28.7,17,0.00
2023-03-09,62,50,26,29.08,58.9,9,0.18
2023-03-10,66,50,39,28.88,81.9,21,0.74
2023-03-11,63,40,24,28.83,47.7,17,0.00
2023-03-12,57,57,3,28.76,44.3,13,0.00
2023-03-13,57,42,32,28.86,68.0,22,0.00
2023-03-14,50,31,25,29.08,49.8,20,0.00
2023-03-15,62,32,25,29.13,37.5,16,0.00
2023-03-16,70,39,24,29.04,39.4,14,0.00
2023-03-17,64,48,40,28.79,83.4,18,1.06
2023-03-18,53,36,27,28.90,54.6,22,0.00
2023-03-19,45,31,24,29.11,40.4,21,0.00
2023-03-20,55,28,24,29.19,39.7,15,0.00
2023-03-21,61,36,24,29.24,39.3,13,0.00
2023-03-22,70,46,27,29.20,59.6,12,0.00
2023-03-23,80,51,26,29.09,60.9,14,0.00
2023-03-24,78,61,27,28.91,70.3,15,0.00
2023-03-25,83,58,30,28.77,66.6,23,0.66
2023-03-26,72,64,53,28.86,89.4,13,3.03
2023-03-27,80,63,43,28.87,77.5,16,1.10
2023-03-28,75,55,24,28.96,51.4,21,0.00
2023-03-29,64,47,24,29.09,41.0,17,0.00
2023-03-30,73,45,42,29.15,35.8,9,0.00
2023-03-31,77,54,24,29.06,59.1,16,0.00
2023-04-01,80,57,32,28.87,59.8,29,1.19
2023-04-02,72,48,24,28.94,39.8,16,0.00
2023-04-03,59,54,30,28.90,77.9,15,0.18
2023-04-04,77,57,32,28.94,89.0,9,0.00
2023-04-05,85,65,25,29.01,70.0,18,0.00
2023-04-06,82,69,24,29.08,68.9,12,0.00
2023-04-07,78,54,32,29.07,76.6,25,0.12
2023-04-08,52,44,36,29.11,86.1,25,1.02
2023-04-09,66,44,26,29.17,59.9,18,0.00
2023-04-10,66,47,24,29.25,40.4,20,0.00
2023-04-11,72,46,24,29.20,38.2,13,0.00
2023-04-12,77,48,24,29.05,37.5,9,0.00
2023-04-13,64,56,33,28.87,82.9,20,1.42
2023-04-14,70,61,32,28.82,80.4,23,0.17
2023-04-15,79,58,24,28.87,65.0,14,0.00
2023-04-16,73,58,36,28.84,73.7,18,0.17
2023-04-17,70,47,24,28.87,41.8,21,0.00
2023-04-18,80,50,24,28.93,35.4,10,0.00
2023-04-19,83,55,24,29.02,40.7,10,0.00
2023-04-20,83,60,25,29.07,43.2,13,0.00
2023-04-21,78,59,24,28.92,50.7,12,0.00
2023-04-22,71,56,32,28.80,59.1,21,0.04
2023-04-23,69,51,24,28.94,48.2,15,0.00
2023-04-24,69,50,24,28.98,41.3,13,0.00
2023-04-25,74,47,24,28.96,49.9,15,0.00
2023-04-26,61,56,32,28.99,73.0,15,0.00
2023-04-27,62,55,30,28.84,91.5,14,0.40
2023-04-28,78,60,34,28.71,77.9,14,0.00
2023-04-29,74,57,26,28.68,72.8,9,0.30
2023-04-30,73,57,42,28.48,77.0,25,2.24
2023-05-01,67,50,24,28.65,43.8,23,0.00
2023-05-02,72,49,24,28.69,40.0,25,0.00
2023-05-03,71,48,24,28.76,38.6,24,0.00
2023-05-04,74,50,24,28.90,46.0,10,0.00
2023-05-05,64,58,24,29.03,66.5,12,0.01
2023-05-06,75,59,29,29.11,71.6,10,0.00
2023-05-07,83,61,24,29.05,71.9,10,0.00
2023-05-08,86,67,29,28.94,72.3,14,0.00
2023-05-09,84,68,32,28.93,77.6,20,0.00
2023-05-10,83,68,24,28.98,63.8,14,0.00
2023-05-11,81,67,26,29.04,69.5,13,0.00
2023-05-12,76,67,37,29.06,84.3,8,0.68
2023-05-13,86,66,31,29.03,77.3,9,0.00
2023-05-14,89,70,24,29.04,63.1,15,0.00
2023-05-15,83,70,29,29.07,73.7,13,0.06
2023-05-16,87,68,42,28.89,81.7,22,0.49
2023-05-17,80,66,33,28.76,83.3,12,0.00
2023-05-18,72,64,32,28.90,85.7,23,0.00
2023-05-19,73,62,28,29.03,75.1,16,0.00
2023-05-20,77,65,35,28.95,81.2,13,0.06
2023-05-21,79,65,36,28.91,81.2,16,1.83
2023-05-22,69,64,40,28.95,83.3,17,0.53
2023-05-23,72,64,24,28.98,70.8,18,0.01
2023-05-24,79,64,26,28.92,52.3,17,0.00
2023-05-25,81,62,25,28.88,45.9,17,0.00
2023-05-26,77,62,25,28.97,54.8,20,0.00
2023-05-27,76,60,24,29.01,46.5,21,0.00
2023-05-28,78,58,24,28.90,57.6,15,0.00
2023-05-29,75,62,26,28.84,63.3,15,0.00
2023-05-30,82,61,24,28.86,64.5,15,0.00
2023-05-31,78,66,27,28.95,73.9,20,0.00
2023-06-01,83,65,25,28.94,66.3,13,0.00
2023-06-02,86,68,24,28.84,54.9,14,0.00
2023-06-03,88,68,24,28.76,44.8,15,0.00
2023-06-04,82,68,28,28.82,69.0,16,1.47
2023-06-05,84,64,27,28.88,76.0,7,0.00
2023-06-06,89,68,27,28.82,60.4,15,0.00
2023-06-07,89,69,24,28.71,56.0,16,0.00
2023-06-08,84,70,24,28.68,50.2,15,0.00
2023-06-09,83,66,24,28.78,36.4,12,0.00
2023-06-10,86,64,24,28.82,44.4,9,0.00
2023-06-11,83,67,32,28.77,73.5,25,2.40
2023-06-12,80,66,28,28.75,77.0,15,0.18
2023-06-13,78,63,24,28.81,66.3,16,0.00
2023-06-14,76,68,49,28.76,88.8,14,2.21
2023-06-15,80,68,29,28.73,79.5,13,0.00
2023-06-16,88,71,32,28.77,71.8,15,0.00
2023-06-17,89,69,24,28.80,58.0,10,0.00
2023-06-18,85,71,24,28.81,64.0,10,0.00
2023-06-19,78,67,35,28.77,85.9,21,1.86
2023-06-20,83,70,33,28.73,80.8,15,0.03
2023-06-21,75,66,45,28.76,88.4,21,1.40
2023-06-22,80,66,30,28.79,83.7,15,0.05
2023-06-23,83,69,33,28.86,75.4,14,0.00
2023-06-24,88,68,24,28.90,62.3,16,0.00
2023-06-25,91,68,31,28.89,70.1,40,2.13
2023-06-26,90,67,34,28.80,79.3,14,0.00
2023-06-27,89,72,24,28.81,58.8,18,0.00
2023-06-28,89,71,24,28.88,54.1,10,0.00
2023-06-29,91,72,24,28.94,58.2,10,0.00
2023-06-30,89,72,25,28.96,74.0,22,0.09
2023-07-01,95,73,28,28.93,69.6,22,0.00
2023-07-02,92,74,33,28.91,71.6,17,1.57
2023-07-03,88,72,26,28.93,78.6,12,0.01
2023-07-04,91,73,26,28.97,70.8,9,0.00
2023-07-05,87,76,27,28.96,71.8,20,0.00
2023-07-06,92,73,25,28.89,72.5,13,0.00
2023-07-07,91,74,27,28.83,71.1,10,0.00
2023-07-08,92,73,24,28.81,68.3,16,0.00
2023-07-09,90,72,36,28.82,74.2,18,0.28
2023-07-10,86,70,36,28.83,79.6,14,1.58
2023-07-11,89,71,24,28.92,63.3,13,0.00
2023-07-12,91,74,24,28.93,61.1,9,0.00
2023-07-13,91,74,24,28.87,70.8,12,0.00
2023-07-14,92,75,28,28.86,73.8,10,0.00
2023-07-15,92,77,24,28.84,67.7,18,0.00
2023-07-16,93,73,26,28.88,66.7,13,0.00
2023-07-17,90,71,24,28.94,60.3,12,0.00
2023-07-18,92,73,24,28.99,61.4,10,0.00
2023-07-19,93,76,27,29.02,60.0,17,0.00
2023-07-20,95,74,29,28.99,69.7,37,0.00
2023-07-21,93,72,28,28.88,72.8,23,0.26
2023-07-22,86,71,26,28.84,77.9,16,0.05
2023-07-23,91,72,24,28.87,61.0,10,0.00
2023-07-24,93,73,24,29.00,56.3,13,0.00
2023-07-25,95,71,25,29.05,52.5,12,0.00
2023-07-26,94,76,26,29.03,56.2,13,0.00
2023-07-27,95,75,24,29.02,56.1,8,0.00
2023-07-28,92,77,26,29.03,63.3,13,0.01
2023-07-29,96,77,24,29.00,62.4,17,0.00
2023-07-30,93,76,28,28.93,60.2,16,0.00
2023-07-31,95,74,24,28.93,56.6,14,0.00
2023-08-01,95,74,24,28.97,48.0,12,0.00
2023-08-02,90,75,33,29.04,68.9,14,0.00
2023-08-03,91,74,30,28.96,76.6,31,0.51
2023-08-04,89,73,29,28.88,75.7,15,0.00
2023-08-05,95,74,29,28.90,70.1,9,0.00
2023-08-06,96,71,36,28.93,77.3,43,2.06
2023-08-07,93,71,33,28.92,82.8,32,0.60
2023-08-08,86,72,25,28.92,76.3,28,0.00
2023-08-09,89,69,25,28.90,74.1,10,0.03
2023-08-10,87,69,31,28.83,79.0,21,0.37
2023-08-11,90,72,41,28.85,83.6,24,2.48
2023-08-12,92,73,33,28.92,82.2,46,2.11
2023-08-13,93,73,25,28.95,76.3,13,0.00
2023-08-14,96,76,28,28.92,68.8,15,0.02
2023-08-15,88,74,33,28.87,77.8,26,1.00
2023-08-16,85,67,25,28.87,62.4,9,0.00
2023-08-17,86,68,25,28.86,62.6,12,0.00
2023-08-18,90,70,24,28.89,60.3,12,0.00
2023-08-19,88,74,24,28.95,55.9,9,0.00
2023-08-20,91,72,24,29.04,59.6,10,0.00
2023-08-21,95,75,24,29.05,60.0,12,0.00
2023-08-22,95,76,24,28.97,64.0,9,0.00
2023-08-23,92,82,24,28.96,62.3,16,0.00
2023-08-24,95,77,24,28.96,64.6,9,0.00
2023-08-25,97,80,24,28.90,62.9,13,0.00
2023-08-26,99,78,26,28.81,56.5,18,0.00
2023-08-27,96,78,29,28.74,60.4,15,0.00
2023-08-28,92,73,38,28.78,77.7,15,1.43
2023-08-29,89,74,31,28.79,79.7,18,0.10
2023-08-30,83,72,37,28.68,83.8,17,0.87
2023-08-31,86,68,25,28.81,70.1,14,0.00
2023-09-01,84,73,28,29.05,69.1,17,0.00
2023-09-02,82,69,24,29.10,57.2,12,0.00
2023-09-03,86,69,24,29.03,57.5,8,0.00
2023-09-04,90,70,25,28.96,58.5,8,0.00
2023-09-05,89,72,24,28.97,62.3,7,0.00
2023-09-06,91,73,25,28.91,62.6,10,0.00
2023-09-07,91,75,16,28.83,64.1,12,0.00
2023-09-08,85,73,15,28.84,48.5,13,0.00
2023-09-09,85,69,30,28.87,67.4,15,0.00
2023-09-10,88,67,30,28.93,71.8,13,0.00
2023-09-11,92,70,24,28.96,63.4,8,0.00
2023-09-12,90,72,27,28.92,63.2,22,0.00
2023-09-13,83,71,31,28.89,78.5,13,0.40
2023-09-14,80,71,36,28.89,79.3,18,0.11
2023-09-15,74,68,34,28.95,83.5,17,0.05
2023-09-16,70,66,31,28.97,84.4,9,0.68
2023-09-17,82,66,39,28.85,80.5,14,1.39
2023-09-18,80,61,24,28.90,63.4,13,0.00
2023-09-19,81,62,24,28.97,60.5,6,0.00
2023-09-20,80,64,24,29.02,62.4,10,0.00
2023-09-21,82,67,24,29.06,62.8,15,0.00
2023-09-22,82,66,24,28.99,59.3,15,0.00
2023-09-23,86,63,24,28.85,53.9,22,0.00
2023-09-24,85,60,24,28.85,55.8,14,0.00
2023-09-25,88,63,24,28.94,50.3,10,0.00
2023-09-26,83,72,24,29.00,64.5,10,0.00
2023-09-27,74,67,39,29.03,77.9,20,0.00
2023-09-28,77,61,28,29.02,71.4,17,0.00
2023-09-29,85,64,24,29.00,63.3,12,0.00
2023-09-30,86,66,24,29.04,61.8,7,0.00
2023-10-01,83,66,25,29.11,66.0,13,0.00
2023-10-02,83,65,24,29.09,59.2,16,0.00
2023-10-03,84,65,24,29.06,56.3,13,0.00
2023-10-04,83,65,24,29.04,60.1,13,0.00
2023-10-05,81,63,24,29.00,60.6,8,0.00
2023-10-06,79,67,25,28.91,69.6,14,0.01
2023-10-07,71,55,24,28.92,54.3,24,0.00
2023-10-08,69,47,24,28.92,46.8,16,0.00
2023-10-09,75,47,24,28.84,47.6,16,0.00
2023-10-10,82,55,25,28.81,53.1,16,0.00
2023-10-11,73,61,24,28.83,70.6,14,0.41
2023-10-12,68,59,29,28.74,83.2,22,1.09
2023-10-13,66,60,36,28.82,88.1,15,0.17
2023-10-14,75,61,30,28.73,79.1,16,0.01
2023-10-15,63,53,26,28.72,65.8,17,0.00
2023-10-16,58,46,24,28.84,67.4,18,0.00
2023-10-17,66,45,24,28.97,68.3,12,0.00
2023-10-18,70,48,24,29.04,65.0,9,0.00
2023-10-19,71,51,24,28.97,71.2,10,0.00
2023-10-20,75,57,37,28.71,77.4,21,1.74
2023-10-21,76,50,24,28.78,54.8,13,0.00
2023-10-22,79,60,24,28.88,43.9,15,0.00
2023-10-23,73,53,24,29.08,53.8,12,0.00
2023-10-24,73,51,25,29.20,54.2,12,0.00
2023-10-25,75,53,24,29.22,61.2,10,0.00
2023-10-26,77,61,25,29.16,72.2,10,0.00
2023-10-27,78,60,24,29.14,71.3,8,0.00
2023-10-28,81,59,24,29.09,67.0,9,0.00
2023-10-29,82,62,24,29.00,66.0,9,0.00
2023-10-30,84,55,26,28.89,68.9,18,0.00
2023-10-31,63,47,26,28.93,59.7,17,0.00
2023-11-01,54,34,25,29.15,40.2,25,0.00
2023-11-02,57,35,25,29.32,42.2,12,0.00
2023-11-03,66,37,24,29.27,45.0,9,0.00
2023-11-04,72,43,23,29.14,48.1,14,0.00
2023-11-05,75,48,23,29.01,51.7,14,0.00
2023-11-06,77,50,24,28.98,54.2,12,0.00
2023-11-07,80,54,24,28.95,55.7,10,0.00
2023-11-08,79,55,25,28.95,62.1,9,0.00
2023-11-09,78,61,24,28.93,69.8,8,0.00
2023-11-10,66,57,29,28.99,84.1,14,0.05
2023-11-11,55,51,36,29.14,90.3,18,1.00
2023-11-12,58,50,30,29.20,72.7,16,0.00
2023-11-13,66,51,24,29.22,54.2,10,0.00
2023-11-14,69,53,24,29.19,48.1,17,0.00
2023-11-15,62,53,27,29.18,47.8,16,0.00
2023-11-16,70,55,29,29.09,56.9,15,0.00
2023-11-17,70,57,33,28.89,76.6,10,0.00
2023-11-18,74,54,24,28.79,65.2,15,0.00
2023-11-19,69,48,24,28.86,58.2,15,0.00
2023-11-20,67,56,27,28.96,67.4,14,0.00
2023-11-21,67,57,50,28.83,91.3,23,4.53
2023-11-22,58,46,32,28.86,77.7,21,0.00
2023-11-23,57,41,25,28.96,68.0,12,0.00
2023-11-24,63,44,24,29.02,58.6,9,0.00
2023-11-25,59,44,25,29.09,68.8,16,0.00
2023-11-26,50,44,33,28.94,78.8,14,0.11
2023-11-27,52,39,28,28.99,64.3,18,0.00
2023-11-28,52,35,24,29.11,46.6,23,0.00
2023-11-29,55,29,24,29.12,45.3,9,0.00
2023-11-30,58,37,25,29.08,50.5,8,0.00
2023-12-01,65,48,41,28.96,83.0,9,0.23
2023-12-02,67,58,44,28.89,90.7,13,0.00
2023-12-03,68,53,35,28.81,79.5,14,0.32
2023-12-04,68,45,24,28.87,59.7,18,0.00
2023-12-05,60,40,24,28.97,57.2,14,0.00
2023-12-06,53,39,24,29.09,52.8,18,0.00
2023-12-07,58,32,24,29.11,56.8,8,0.00
2023-12-08,62,38,25,29.06,63.1,10,0.00
2023-12-09,68,52,41,29.02,84.7,8,0.54
2023-12-10,64,38,54,28.81,89.3,25,2.97
2023-12-11,51,33,24,29.08,60.0,17,0.00
2023-12-12,56,33,24,29.34,57.6,10,0.00
2023-12-13,58,36,24,29.43,54.3,8,0.00
2023-12-14,59,42,24,29.48,42.8,17,0.00
2023-12-15,59,35,24,29.36,45.7,13,0.00
2023-12-16,57,41,30,29.14,62.6,16,0.00
2023-12-17,54,48,38,28.76,85.3,20,0.02
2023-12-18,57,37,27,28.77,56.0,24,0.00
2023-12-19,46,29,25,29.17,42.0,17,0.00
2023-12-20,52,30,25,29.32,41.1,7,0.00
2023-12-21,57,33,24,29.30,38.9,6,0.00
2023-12-22,57,42,24,29.23,44.6,7,0.00
2023-12-23,66,45,26,29.22,60.4,7,0.00
2023-12-24,65,48,31,29.14,77.5,15,0.03
2023-12-25,63,57,37,28.89,91.5,20,3.02
2023-12-26,63,53,42,28.84,93.6,13,0.48
2023-12-27,57,48,31,28.83,76.6,10,0.00
2023-12-28,55,39,24,28.78,62.8,15,0.00
2023-12-29,43,34,26,28.84,66.6,15,0.00
2023-12-30,48,34,28,28.96,65.5,13,0.00
2023-12-31,56,31,24,29.03,65.9,14,0.00
2024-01-01,49,34,24,29.04,60.5,17,0.00
2024-01-02,53,30,24,29.12,57.8,9,0.00
2024-01-03,47,31,24,29.00,70.8,9,0.03
2024-01-04,52,34,24,29.03,63.3,15,0.00
2024-01-05,53,32,25,29.06,58.4,16,0.16
2024-01-06,51,39,39,28.72,87.5,24,1.15
2024-01-07,50,36,27,28.98,66.8,21,0.00
2024-01-08,51,35,29,29.09,66.0,21,0.68
2024-01-09,54,40,57,28.49,87.8,25,6.37
2024-01-10,51,37,26,28.76,58.2,21,0.00
2024-01-11,62,35,24,28.90,64.9,10,0.00
2024-01-12,55,42,39,28.61,83.9,18,0.45
2024-01-13,47,31,24,28.84,57.4,18,0.00
2024-01-14,57,30,24,29.03,56.6,17,0.00
2024-01-15,61,42,24,28.94,45.5,10,0.00
2024-01-16,45,19,36,28.89,76.1,23,0.58
2024-01-17,38,14,24,29.16,47.5,13,0.00
2024-01-18,51,24,26,29.02,38.8,13,0.00
2024-01-19,47,27,32,28.95,68.5,32,0.02
2024-01-20,32,17,24,29.25,50.0,21,0.00
2024-01-21,41,14,24,29.41,46.3,12,0.00
2024-01-22,49,28,28,29.40,41.9,13,0.00
2024-01-23,52,41,37,29.30,73.6,15,0.10
2024-01-24,63,49,26,29.16,95.5,13,0.09
2024-01-25,72,62,37,29.02,90.5,25,1.93
2024-01-26,68,60,34,29.03,87.4,7,0.00
2024-01-27,65,57,43,28.89,90.2,20,0.87
2024-01-28,53,45,27,28.89,72.7,23,0.00
2024-01-29,54,39,27,29.03,66.3,22,0.00
2024-01-30,60,33,24,28.96,63.7,14,0.00
2024-01-31,55,40,24,28.97,61.4,17,0.00
2024-02-01,63,33,24,29.01,57.9,9,0.00
2024-02-02,70,42,24,28.87,52.1,13,0.00
2024-02-03,62,46,24,28.85,55.0,20,0.00
2024-02-04,49,42,26,28.67,65.7,33,0.64
2024-02-05,59,42,32,28.65,67.9,23,0.10
2024-02-06,64,40,24,28.89,48.4,10,0.00
2024-02-07,58,37,25,29.13,49.1,13,0.00
2024-02-08,56,39,24,29.15,50.3,12,0.00
2024-02-09,63,47,25,29.06,63.6,9,0.00
2024-02-10,66,57,34,28.93,84.2,10,0.12
2024-02-11,67,60,41,28.78,87.3,14,1.42
2024-02-12,61,50,51,28.68,91.1,29,4.55
2024-02-13,56,41,26,28.88,60.0,24,0.00
2024-02-14,65,38,24,29.11,49.2,10,0.00
2024-02-15,68,42,24,29.06,47.4,13,0.00
2024-02-16,65,51,24,28.89,53.5,12,0.00
2024-02-17,57,37,29,28.87,63.4,23,0.02
2024-02-18,53,31,24,28.97,42.5,13,0.00
2024-02-19,62,39,24,29.03,31.3,15,0.00
2024-02-20,62,37,25,29.14,37.4,6,0.00
2024-02-21,65,39,24,29.14,40.8,8,0.00
2024-02-22,70,44,24,28.86,51.0,17,0.00
2024-02-23,68,54,33,28.61,67.1,25,0.38
2024-02-24,65,44,24,28.82,40.3,25,0.00
2024-02-25,63,35,24,29.03,41.4,8,0.00
2024-02-26,72,44,24,28.99,40.3,16,0.00
2024-02-27,73,57,32,28.86,70.2,21,0.00
2024-02-28,75,44,33,28.90,67.6,36,0.66
2024-02-29,53,38,25,29.25,37.0,13,0.00
2024-03-01,49,40,41,29.19,83.2,18,1.81
2024-03-02,62,43,29,29.05,88.5,9,0.00
2024-03-03,70,50,41,29.05,87.7,9,0.00
2024-03-04,63,57,25,29.04,89.4,9,0.00
2024-03-05,61,55,36,28.92,89.8,14,1.07
2024-03-06,63,57,40,28.72,88.7,15,4.32
2024-03-07,75,53,24,28.86,67.4,12,0.00
2024-03-08,66,59,31,28.88,77.7,21,1.96
2024-03-09,68,54,42,28.70,85.4,20,1.20
2024-03-10,53,50,4,28.83,72.5,20,0.00
2024-03-11,65,38,24,29.11,32.7,13,0.00
2024-03-12,72,45,24,29.02,35.0,8,0.00
2024-03-13,74,50,24,28.94,45.1,10,0.00
2024-03-14,80,53,24,28.99,55.0,9,0.00
2024-03-15,71,62,37,28.92,82.2,15,0.62
2024-03-16,74,57,29,28.85,74.7,14,0.00
2024-03-17,67,54,24,28.78,75.5,15,0.02
2024-03-18,60,41,24,28.85,47.0,26,0.00
2024-03-19,60,33,24,29.00,35.0,17,0.00
2024-03-20,74,42,24,28.91,38.4,14,0.00
2024-03-21,76,51,25,28.97,42.4,7,0.00
2024-03-22,64,56,32,28.84,73.4,22,0.35
2024-03-23,69,52,33,28.70,75.0,24,0.09
2024-03-24,65,44,24,28.94,44.3,16,0.00
2024-03-25,64,47,24,29.00,49.5,22,0.00
2024-03-26,63,54,45,28.82,88.0,21,1.59
2024-03-27,73,53,29,28.86,71.8,14,0.00
2024-03-28,68,51,24,28.94,36.9,23,0.00
2024-03-29,71,43,24,29.06,35.8,10,0.00
2024-03-30,77,50,24,28.97,38.5,16,0.00
2024-03-31,80,56,24,28.93,56.1,15,0.00
2024-04-01,77,65,30,28.91,73.5,16,0.00
2024-04-02,80,65,35,28.72,75.0,18,4.13
2024-04-03,68,51,42,28.47,73.0,21,3.08
2024-04-04,64,44,24,28.65,43.0,29,0.00
2024-04-05,64,43,24,28.88,49.5,17,0.00
2024-04-06,66,41,24,28.98,47.8,12,0.00
2024-04-07,72,47,24,28.99,45.8,13,0.00
2024-04-08,76,55,24,29.05,53.8,12,0.00
2024-04-09,66,58,33,29.05,87.0,17,1.14
2024-04-10,73,60,31,28.86,84.3,28,0.27
2024-04-11,74,55,35,28.54,79.7,24,0.55
2024-04-12,68,51,25,28.89,50.7,30,0.00
2024-04-13,77,49,24,29.09,38.5,17,0.00
2024-04-14,83,54,24,29.02,46.6,16,0.00
2024-04-15,83,60,24,28.97,49.4,15,0.00
2024-04-16,83,62,24,29.01,51.7,12,0.00
2024-04-17,79,66,26,29.01,63.3,13,0.13
2024-04-18,85,61,24,28.97,69.9,12,0.00
2024-04-19,84,68,24,28.93,66.4,14,0.00
2024-04-20,78,59,26,28.95,71.0,15,0.10
2024-04-21,60,50,37,28.90,82.9,18,1.99
2024-04-22,67,44,24,29.03,50.4,13,0.00
2024-04-23,71,47,24,29.07,52.7,13,0.00
2024-04-24,75,54,24,29.00,63.0,14,0.00
2024-04-25,78,57,25,29.03,50.2,8,0.00
2024-04-26,81,62,24,29.06,53.7,20,0.00
2024-04-27,76,61,27,29.18,75.0,14,0.00
2024-04-28,78,60,31,29.13,70.7,14,0.00
2024-04-29,78,59,28,29.02,67.7,10,0.00
2024-04-30,77,65,26,28.92,71.2,12,0.08
2024-05-01,84,62,24,28.89,58.6,10,0.00
2024-05-02,86,65,24,28.89,52.0,10,0.00
2024-05-03,87,70,21,28.90,54.1,17,0.00
2024-05-04,80,64,24,28.93,69.1,14,0.03
2024-05-05,85,66,27,28.95,72.7,16,0.00
2024-05-06,85,67,24,28.90,69.0,15,0.01
2024-05-07,83,68,29,28.81,70.6,13,0.00
2024-05-08,86,72,28,28.77,71.8,12,0.00
2024-05-09,78,66,40,28.78,84.2,26,1.77
2024-05-10,82,65,29,28.72,70.1,21,0.21
2024-05-11,76,55,24,28.83,54.2,14,0.00
2024-05-12,80,59,24,28.88,51.7,10,0.00
2024-05-13,67,63,26,28.88,74.0,16,0.04
2024-05-14,77,63,35,28.72,84.3,10,0.02
2024-05-15,81,66,31,28.68,72.8,20,0.00
2024-05-16,84,62,24,28.78,63.7,14,0.00
2024-05-17,73,68,25,28.79,78.6,13,0.02
2024-05-18,77,67,41,28.81,87.0,15,0.14
2024-05-19,83,64,36,28.84,79.9,13,0.00
2024-05-20,84,65,24,28.91,61.6,12,0.00
2024-05-21,85,68,24,28.92,57.2,9,0.00
2024-05-22,86,68,24,28.94,59.8,12,0.00
2024-05-23,87,70,25,28.91,62.8,12,0.00
2024-05-24,89,71,28,28.85,64.5,12,0.00
2024-05-25,84,68,31,28.85,78.8,31,2.49
2024-05-26,89,71,24,28.82,70.3,16,0.00
2024-05-27,86,66,44,28.85,80.7,22,6.57
2024-05-28,86,70,24,28.92,58.5,16,0.00
2024-05-29,86,64,24,28.99,49.7,17,0.00
2024-05-30,83,63,25,29.02,44.3,12,0.00
2024-05-31,82,64,24,29.07,49.6,18,0.00
2024-06-01,77,65,24,29.07,53.2,15,0.00
2024-06-02,84,68,24,28.97,66.7,15,0.06
2024-06-03,87,69,27,28.89,69.9,10,0.00
2024-06-04,85,70,27,28.84,70.4,14,0.00
2024-06-05,85,73,25,28.80,69.2,14,0.00
2024-06-06,85,70,34,28.76,80.3,17,0.53
2024-06-07,87,71,24,28.79,56.9,16,0.00
2024-06-08,86,64,25,28.87,46.4,10,0.00
2024-06-09,93,70,24,28.80,54.5,15,0.00
2024-06-10,84,69,28,28.76,63.6,15,0.84
2024-06-11,86,64,24,28.82,49.7,9,0.00
2024-06-12,87,71,24,28.87,51.9,12,0.00
2024-06-13,89,72,25,28.89,51.9,12,0.00
2024-06-14,95,73,24,28.88,47.4,9,0.00
2024-06-15,97,76,24,28.89,51.3,12,0.01
2024-06-16,96,76,24,28.97,56.4,14,0.01
2024-06-17,92,75,24,29.03,56.8,13,0.00
2024-06-18,89,73,24,29.05,52.8,18,0.00
2024-06-19,89,71,24,29.12,55.6,20,0.00
2024-06-20,89,74,24,29.17,52.7,17,0.00
2024-06-21,92,71,24,29.11,50.3,12,0.00
2024-06-22,96,75,24,29.00,48.7,7,0.00
2024-06-23,97,77,24,28.86,45.8,16,0.00
2024-06-24,97,76,28,28.83,50.2,15,0.59
2024-06-25,96,73,24,28.88,38.6,9,0.00
2024-06-26,99,77,25,28.79,41.0,21,0.00
2024-06-27,91,75,27,28.77,69.6,16,0.00
2024-06-28,90,75,32,28.87,76.4,14,0.11
2024-06-29,89,75,40,28.99,85.5,13,1.58
2024-06-30,96,77,24,28.99,69.9,14,0.00
2024-07-01,97,80,24,28.90,61.8,14,0.00
2024-07-02,90,77,25,29.02,61.0,20,0.00
2024-07-03,92,77,31,29.04,70.7,10,0.00
2024-07-04,96,76,31,28.94,71.5,20,0.02
2024-07-05,93,76,34,28.85,78.0,20,2.47
2024-07-06,93,76,30,28.87,80.9,20,0.03
2024-07-07,90,74,33,28.92,78.7,22,4.14
2024-07-08,89,74,31,28.96,79.7,8,0.00
2024-07-09,91,76,33,28.90,80.0,15,0.34
2024-07-10,87,73,28,28.88,70.8,15,0.00
2024-07-11,91,70,25,28.93,55.8,13,0.00
2024-07-12,94,75,24,28.99,49.6,8,0.00
2024-07-13,96,78,24,29.07,49.1,8,0.00
2024-07-14,97,77,24,29.03,48.3,10,0.00
2024-07-15,94,76,27,28.95,63.3,22,0.00
2024-07-16,90,74,27,28.93,68.3,21,0.00
2024-07-17,91,75,26,28.94,71.2,16,0.12
2024-07-18,90,74,32,28.94,74.0,18,0.12
2024-07-19,86,73,25,28.98,78.6,15,0.35
2024-07-20,82,71,37,29.01,84.9,9,3.12
2024-07-21,87,72,38,28.98,85.1,13,0.07
2024-07-22,86,72,29,28.97,77.2,12,0.00
2024-07-23,88,75,32,29.02,80.9,20,1.58
2024-07-24,87,72,38,29.10,86.3,10,3.18
2024-07-25,87,74,38,29.07,83.7,22,1.33
2024-07-26,89,73,33,28.99,81.1,22,0.45
2024-07-27,84,73,28,29.00,79.1,9,0.00
2024-07-28,79,73,47,29.05,88.7,13,10.35
2024-07-29,86,72,43,28.99,87.0,25,0.72
2024-07-30,91,72,30,28.96,80.0,29,0.65
2024-07-31,92,73,26,28.99,80.0,13,0.04
2024-08-01,94,75,26,29.01,70.5,12,0.00
2024-08-02,93,79,24,28.93,65.6,15,0.00
2024-08-03,90,74,24,28.86,70.4,10,0.04
2024-08-04,90,74,29,28.92,73.6,15,0.00
2024-08-05,92,75,31,28.92,72.2,21,0.00
2024-08-06,91,77,24,28.82,61.7,16,0.00
2024-08-07,96,75,24,28.70,60.0,15,0.00
2024-08-08,95,78,24,28.65,61.5,16,0.00
2024-08-09,95,76,24,28.80,62.0,14,0.00
2024-08-10,92,73,24,28.93,60.2,12,0.00
2024-08-11,91,70,24,28.94,56.5,12,0.00
2024-08-12,91,70,25,28.94,55.4,10,0.00
2024-08-13,92,72,24,28.95,52.5,12,0.00
2024-08-14,91,76,32,28.98,68.4,12,0.00
2024-08-15,88,73,27,28.99,67.7,9,0.00
2024-08-16,91,72,28,28.99,68.1,18,1.15
2024-08-17,94,71,31,28.89,73.8,29,0.20
2024-08-18,90,73,40,28.83,76.4,18,0.74
2024-08-19,88,71,24,28.82,65.1,14,0.00
2024-08-20,88,70,24,28.88,59.2,14,0.00
2024-08-21,84,67,27,28.99,61.0,15,0.00
2024-08-22,83,69,28,29.07,61.2,13,0.00
2024-08-23,84,66,24,29.14,52.0,16,0.00
2024-08-24,87,67,24,29.12,49.5,12,0.00
2024-08-25,89,69,24,29.12,48.4,12,0.00
2024-08-26,91,70,24,29.11,46.9,9,0.00
2024-08-27,94,73,24,29.06,51.2,7,0.00
2024-08-28,96,75,24,29.03,56.0,9,0.00
2024-08-29,96,76,24,29.04,56.4,13,0.00
2024-08-30,95,76,27,29.03,59.7,18,0.03
2024-08-31,93,74,24,28.98,63.5,12,0.00
2024-09-01,94,74,29,28.91,64.6,17,0.00
2024-09-02,94,72,29,28.91,66.9,16,1.01
2024-09-03,85,73,27,29.04,66.1,20,0.00
2024-09-04,84,65,24,29.14,52.5,20,0.00
2024-09-05,83,70,24,29.10,62.6,16,0.00
2024-09-06,79,70,24,28.97,68.2,15,0.02
2024-09-07,87,68,24,28.84,65.3,16,0.01
2024-09-08,82,64,24,28.94,49.6,16,0.00
2024-09-09,84,67,29,29.03,60.3,10,0.00
2024-09-10,86,65,24,29.01,55.1,12,0.00
2024-09-11,76,67,24,28.98,61.5,18,0.05
2024-09-12,73,67,31,28.92,86.3,20,0.34
2024-09-13,75,68,32,28.91,86.9,17,0.03
2024-09-14,73,69,43,28.90,87.4,20,0.09
2024-09-15,78,70,32,28.95,76.0,21,0.02
2024-09-16,82,68,32,28.97,68.4,21,0.00
2024-09-17,83,62,24,28.87,67.7,20,0.00
2024-09-18,82,67,24,28.84,69.6,9,0.00
2024-09-19,88,69,24,28.83,66.8,8,0.00
2024-09-20,92,70,24,28.83,59.2,9,0.00
2024-09-21,93,71,24,28.88,56.2,7,0.00
2024-09-22,96,72,23,28.85,55.4,13,0.00
2024-09-23,93,73,24,28.85,55.8,10,0.00
2024-09-24,91,75,24,28.84,59.4,15,0.00
2024-09-25,85,66,35,28.83,83.1,21,5.58
2024-09-26,74,66,36,28.65,92.1,12,5.68
2024-09-27,74,66,45,28.29,83.5,29,7.45
2024-09-28,78,65,29,28.70,73.3,17,0.00
2024-09-29,78,66,24,28.78,74.9,12,0.02
2024-09-30,79,66,26,28.84,77.3,13,0.00
2024-10-01,82,67,24,28.87,73.4,15,0.00
2024-10-02,86,67,24,28.87,67.7,9,0.00
2024-10-03,85,68,25,28.96,69.2,10,0.00
2024-10-04,79,70,24,29.07,73.9,8,0.00
2024-10-05,86,70,20,29.05,67.0,12,0.00
2024-10-06,84,68,23,28.98,65.2,12,0.00
2024-10-07,86,66,24,28.84,59.7,13,0.00
2024-10-08,81,58,24,28.82,57.7,14,0.00
2024-10-09,80,64,24,28.88,62.2,12,0.00
2024-10-10,78,63,24,28.94,48.5,17,0.00
2024-10-11,76,56,24,29.10,48.2,9,0.00
2024-10-12,79,53,24,29.04,55.7,12,0.00
2024-10-13,84,57,24,28.97,57.1,13,0.00
2024-10-14,73,55,24,28.93,48.9,20,0.00
2024-10-15,68,47,24,28.97,52.8,18,0.00
2024-10-16,62,43,24,29.13,53.0,15,0.00
2024-10-17,66,41,24,29.19,52.5,8,0.00
2024-10-18,69,48,24,29.31,51.1,14,0.00
2024-10-19,72,50,24,29.35,49.5,12,0.00
2024-10-20,78,54,24,29.26,43.4,10,0.00
2024-10-21,79,54,24,29.16,47.9,9,0.00
2024-10-22,78,56,24,29.13,56.3,9,0.00
2024-10-23,82,58,24,29.06,62.1,10,0.00
2024-10-24,83,60,24,28.98,52.2,14,0.00
2024-10-25,83,56,24,29.09,52.7,7,0.00
2024-10-26,85,63,24,29.12,55.5,13,0.00
2024-10-27,74,58,28,29.15,76.3,17,0.00
2024-10-28,69,57,26,29.22,75.2,12,0.00
2024-10-29,76,55,24,29.24,71.8,10,0.00
2024-10-30,79,62,31,29.25,75.1,13,0.00
2024-10-31,79,63,25,29.14,71.9,10,0.00
2024-11-01,74,64,25,29.11,78.2,12,0.00
2024-11-02,80,61,32,29.13,80.6,7,0.00
2024-11-03,67,61,36,29.12,85.0,16,0.00
2024-11-04,63,59,31,29.13,74.0,15,0.00
2024-11-05,78,61,31,29.04,82.0,14,0.00
2024-11-06,74,68,33,29.02,86.2,12,0.00
2024-11-07,73,67,32,29.04,85.5,10,0.00
2024-11-08,80,66,35,29.01,81.7,8,0.00
2024-11-09,74,64,34,29.06,76.2,16,0.00
2024-11-10,64,56,40,29.06,85.0,15,0.11
2024-11-11,76,57,31,28.90,86.1,10,0.00
2024-11-12,76,52,24,28.95,67.0,12,0.00
2024-11-13,65,52,25,29.10,61.9,18,0.04
2024-11-14,56,50,35,28.89,88.4,17,1.35
2024-11-15,66,48,24,28.93,73.4,14,0.00
2024-11-16,71,45,24,28.97,71.0,7,0.00
2024-11-17,71,47,24,29.02,70.2,7,0.00
2024-11-18,74,51,24,28.93,71.7,14,0.00
2024-11-19,64,59,39,28.82,90.3,16,2.74
2024-11-20,73,48,34,28.76,78.1,24,0.56
2024-11-21,60,41,24,28.81,44.1,25,0.00
2024-11-22,53,39,24,28.85,54.2,21,0.00
2024-11-23,60,38,24,28.97,66.2,15,0.00
2024-11-24,67,40,24,29.02,63.0,8,0.00
2024-11-25,71,46,29,29.04,72.8,13,0.00
2024-11-26,63,46,33,28.98,80.1,15,0.35
2024-11-27,64,43,24,28.88,73.1,10,0.00
2024-11-28,67,43,31,28.78,74.6,21,0.10
2024-11-29,51,36,24,29.04,55.0,17,0.00
2024-11-30,50,31,24,29.15,48.5,13,0.00
2024-12-01,55,32,24,29.11,51.5,13,0.00
2024-12-02,51,32,24,29.19,53.2,12,0.00
2024-12-03,44,31,24,29.31,54.2,14,0.00
2024-12-04,53,27,24,29.18,47.6,13,0.00
2024-12-05,58,31,31,29.00,59.3,20,0.00
2024-12-06,45,24,24,29.20,38.5,15,0.00
2024-12-07,58,30,24,29.20,35.1,10,0.00
2024-12-08,61,38,24,29.10,48.5,9,0.00
2024-12-09,65,48,42,28.94,89.2,13,1.07
2024-12-10,68,64,50,28.84,92.0,20,2.55
2024-12-11,63,38,38,28.84,74.3,29,0.76
2024-12-12,53,33,24,29.29,52.8,14,0.00
2024-12-13,57,38,24,29.41,48.6,10,0.00
2024-12-14,59,43,25,29.42,51.3,18,0.00
2024-12-15,50,43,34,29.33,85.3,17,0.01
2024-12-16,66,45,33,29.23,83.1,10,0.00
2024-12-17,73,50,24,29.17,78.1,14,0.00
2024-12-18,72,53,34,29.08,83.3,17,0.00
2024-12-19,58,42,25,29.06,69.1,17,0.00
2024-12-20,59,36,24,28.98,65.8,25,0.00
2024-12-21,47,32,24,29.12,62.4,16,0.00
2024-12-22,48,30,24,29.25,55.4,12,0.00
2024-12-23,49,31,25,29.31,48.4,14,0.00
2024-12-24,59,33,24,29.19,40.9,8,0.00
2024-12-25,59,38,24,29.14,52.5,12,0.00
2024-12-26,51,44,27,29.16,68.5,15,0.03
2024-12-27,50,43,28,29.08,88.0,17,0.39
2024-12-28,55,47,29,29.00,94.5,12,0.51
2024-12-29,65,50,35,28.79,82.9,22,1.63
2024-12-30,66,46,24,28.81,72.7,9,0.00
2024-12-31,71,49,33,28.71,70.5,29,0.00
2025-01-01,52,37,24,29.04,60.3,17,0.00
2025-01-02,51,31,24,29.18,51.2,14,0.00
2025-01-03,56,36,24,29.13,44.5,24,0.00
2025-01-04,48,31,24,29.20,41.8,14,0.00
2025-01-05,53,33,27,29.02,57.3,15,0.17
2025-01-06,59,31,37,28.73,79.8,25,0.58
2025-01-07,42,28,26,29.12,59.5,28,0.00
2025-01-08,39,24,24,29.13,62.0,20,0.00
2025-01-09,44,22,24,29.11,45.6,16,0.00
2025-01-10,35,30,53,28.89,83.2,20,2.24
2025-01-11,34,28,30,28.81,83.9,15,0.00
2025-01-12,45,24,24,29.00,73.5,9,0.00
2025-01-13,55,38,24,29.07,64.3,12,0.01
2025-01-14,51,30,24,29.21,48.4,15,0.00
2025-01-15,52,34,24,29.26,47.7,15,0.00
2025-01-16,57,34,24,29.07,49.8,18,0.00
2025-01-17,60,35,24,28.98,45.7,8,0.00
2025-01-18,59,43,36,28.76,86.4,13,0.98
2025-01-19,55,28,30,28.87,78.0,23,0.00
2025-01-20,31,18,24,29.29,41.0,18,0.00
2025-01-21,30,20,32,29.32,56.0,14,0.14
2025-01-22,35,14,24,29.26,53.8,13,0.00
2025-01-23,40,25,24,29.20,48.8,9,0.00
2025-01-24,48,25,24,29.20,49.4,15,0.00
2025-01-25,52,26,24,29.30,43.1,8,0.00
2025-01-26,55,32,24,29.25,50.4,10,0.00
2025-01-27,50,41,42,29.03,91.1,10,0.54
2025-01-28,58,33,24,28.96,61.2,14,0.00
2025-01-29,69,42,24,28.96,48.8,21,0.00
2025-01-30,70,46,24,29.02,49.0,12,0.00
2025-01-31,62,51,40,28.85,85.3,24,1.54
2025-02-01,64,45,24,29.05,70.7,10,0.00
2025-02-02,69,44,25,29.11,63.1,12,0.00
2025-02-03,73,45,24,29.06,57.8,13,0.00
2025-02-04,77,56,26,29.05,65.1,13,0.00
2025-02-05,74,54,26,29.05,79.1,8,0.00
2025-02-06,72,60,31,29.00,85.3,16,0.00
2025-02-07,76,63,35,29.03,76.6,16,0.12
2025-02-08,75,62,34,28.99,80.3,16,0.00
2025-02-09,72,57,39,28.99,81.5,17,0.44
2025-02-10,59,47,24,29.13,66.1,20,0.00
2025-02-11,50,40,32,29.00,88.3,15,0.43
2025-02-12,43,39,39,28.85,91.8,17,3.17
2025-02-13,60,37,43,28.99,81.9,17,1.24
2025-02-14,57,30,24,29.34,55.5,12,0.00
2025-02-15,52,42,34,29.05,86.1,14,0.11
2025-02-16,63,37,37,28.69,78.8,40,1.75
2025-02-17,50,31,29,29.08,49.6,24,0.00
2025-02-18,58,31,24,29.08,43.9,8,0.00
2025-02-19,46,35,29,29.01,71.5,15,0.10
2025-02-20,34,24,28,29.15,58.9,24,0.00
2025-02-21,47,19,24,29.35,43.7,15,0.00
2025-02-22,53,29,24,29.25,44.0,13,0.00
2025-02-23,54,31,24,29.08,46.4,9,0.00
2025-02-24,67,42,24,28.93,46.0,7,0.00
2025-02-25,75,46,25,28.82,46.9,18,0.00
2025-02-26,77,48,24,28.89,37.5,9,0.00
2025-02-27,74,52,24,28.88,43.0,22,0.00
2025-02-28,72,45,24,28.89,32.8,15,0.00
2025-03-01,74,46,24,28.79,33.7,25,0.00
2025-03-02,57,36,24,29.02,33.5,16,0.00
2025-03-03,64,37,24,29.08,29.8,10,0.00
2025-03-04,71,45,28,28.92,57.0,22,0.00
2025-03-05,62,41,35,28.56,79.4,23,2.53
2025-03-06,56,37,25,28.81,50.7,24,0.00
2025-03-07,67,39,24,28.89,41.5,17,0.00
2025-03-08,75,57,29,28.83,55.0,18,0.00
2025-03-09,57,57,2,28.89,44.0,9,0.00
2025-03-10,55,45,38,28.79,80.7,16,0.83
2025-03-11,75,43,24,28.84,45.6,12,0.00
2025-03-12,76,49,24,28.85,41.2,13,0.00
2025-03-13,71,55,26,28.84,64.3,13,0.00
2025-03-14,74,56,25,28.85,74.1,16,0.00
2025-03-15,77,60,25,28.69,65.6,30,0.00
2025-03-16,73,53,41,28.63,71.7,23,1.86
2025-03-17,62,42,24,29.00,43.1,23,0.00
2025-03-18,75,42,24,29.06,36.2,13,0.00
2025-03-19,78,48,24,28.89,32.0,16,0.00
2025-03-20,65,44,27,28.80,56.8,25,0.04
2025-03-21,65,37,24,29.00,42.0,14,0.00
2025-03-22,74,45,24,28.97,35.0,23,0.00
2025-03-23,77,47,25,28.97,39.3,17,0.00
2025-03-24,66,54,32,28.88,70.1,21,0.24
2025-03-25,79,47,24,28.95,41.7,21,0.00
2025-03-26,74,52,24,29.07,33.2,20,0.00
2025-03-27,73,50,24,29.18,31.0,9,0.00
2025-03-28,80,53,24,29.15,38.0,12,0.00
2025-03-29,72,63,24,29.07,59.3,16,0.00
2025-03-30,76,61,32,28.93,76.8,15,0.01
2025-03-31,70,61,43,28.78,85.7,28,0.73
2025-04-01,77,47,24,28.89,55.5,15,0.00
2025-04-02,84,64,33,28.97,68.6,18,0.00
2025-04-03,83,67,28,29.04,69.6,15,0.00
2025-04-04,85,66,31,29.11,69.8,13,0.00
2025-04-05,86,68,24,29.00,61.0,23,0.00
2025-04-06,74,62,50,28.86,84.7,31,4.43
2025-04-07,68,50,48,28.66,88.4,16,2.58
2025-04-08,64,44,25,28.86,58.2,18,0.00
2025-04-09,67,42,24,29.04,48.8,15,0.00
2025-04-10,76,49,30,28.98,60.7,31,0.62
2025-04-11,66,51,27,28.90,68.9,17,0.01
2025-04-12,65,44,24,28.95,53.2,22,0.00
2025-04-13,73,42,24,29.02,46.3,10,0.00
2025-04-14,83,56,24,28.95,49.0,16,0.00
2025-04-15,73,55,26,28.90,45.3,26,0.00
2025-04-16,72,48,24,29.00,36.5,18,0.00
2025-04-17,78,52,24,29.05,35.1,10,0.00
2025-04-18,84,55,24,29.10,45.9,14,0.00
2025-04-19,85,61,24,29.15,56.2,16,0.00
2025-04-20,82,65,24,29.11,62.1,10,0.00
2025-04-21,82,63,24,29.04,55.2,16,0.00
2025-04-22,74,66,24,29.01,72.8,8,0.01
2025-04-23,80,64,25,29.04,72.5,12,0.06
2025-04-24,78,64,36,29.08,81.6,16,0.09
2025-04-25,82,65,32,29.03,73.8,24,1.50
2025-04-26,80,63,31,29.00,75.7,9,0.00
2025-04-27,82,62,24,29.03,64.7,9,0.00
2025-04-28,78,63,26,29.13,64.0,13,0.00
2025-04-29,81,63,30,29.14,71.9,13,0.00
2025-04-30,85,65,24,29.02,66.1,13,0.00
2025-05-01,80,68,25,28.97,68.2,20,0.06
2025-05-02,85,64,26,28.92,65.2,26,0.29
2025-05-03,70,58,34,28.80,83.9,23,2.19
2025-05-04,69,54,30,28.79,72.4,12,0.00
2025-05-05,71,51,24,28.88,62.0,14,0.00
2025-05-06,78,55,24,28.97,52.6,10,0.00
2025-05-07,71,60,30,28.96,77.6,13,0.27
2025-05-08,83,63,30,28.91,74.6,8,0.01
2025-05-09,83,64,24,28.86,59.4,9,0.00
2025-05-10,73,55,36,28.96,83.9,23,0.87
2025-05-11,65,58,34,29.02,90.2,16,1.44
2025-05-12,80,65,31,28.86,76.6,14,0.07
2025-05-13,77,62,28,28.79,73.1,10,0.09
2025-05-14,84,67,26,28.79,67.1,12,0.00
2025-05-15,86,67,27,28.83,67.9,16,0.00
2025-05-16,88,72,27,28.85,68.8,13,0.00
2025-05-17,80,72,31,28.85,76.9,16,0.24
2025-05-18,79,66,39,28.89,80.8,17,0.54
2025-05-19,88,71,30,28.87,74.8,9,0.00
2025-05-20,88,72,27,28.81,66.9,17,0.00
2025-05-21,82,68,39,28.79,70.1,21,2.19
2025-05-22,84,62,24,28.90,51.0,22,0.00
2025-05-23,80,63,24,28.96,51.8,15,0.00
2025-05-24,80,64,24,29.04,53.7,13,0.00
2025-05-25,79,65,36,29.03,78.1,17,0.63
2025-05-26,82,68,40,28.98,85.0,10,2.91
2025-05-27,72,63,37,29.02,90.3,15,0.84
2025-05-28,83,61,30,28.99,80.8,12,0.20
2025-05-29,73,67,34,28.97,87.3,9,1.03
2025-05-30,77,64,36,28.82,79.0,25,0.28
2025-05-31,81,58,24,28.79,61.7,18,0.00
2025-06-01,80,62,24,28.84,62.8,14,0.00
2025-06-02,85,64,24,28.94,61.9,8,0.00
2025-06-03,86,68,24,29.02,58.8,14,0.00
2025-06-04,79,68,38,29.03,80.3,23,0.53
2025-06-05,82,68,29,28.97,79.6,9,0.06
2025-06-06,90,71,24,28.92,68.0,9,0.00
2025-06-07,91,71,29,28.85,74.7,36,0.11
2025-06-08,83,70,28,28.80,75.8,18,0.06
2025-06-09,84,70,33,28.83,79.0,17,0.14
2025-06-10,84,70,37,28.91,75.7,22,0.10
2025-06-11,86,69,25,29.01,74.3,14,0.01
2025-06-12,89,72,37,29.00,80.1,24,7.42
2025-06-13,87,72,43,29.00,82.1,13,0.45
2025-06-14,88,71,41,29.00,79.3,18,0.43
2025-06-15,89,70,38,29.00,78.2,12,0.00
2025-06-16,89,74,28,28.97,70.5,14,0.00
2025-06-17,89,72,30,28.97,76.4,20,0.11
2025-06-18,88,71,35,29.01,78.9,13,0.06
2025-06-19,84,71,29,29.01,76.7,24,0.37
2025-06-20,89,68,24,29.02,65.5,10,0.00
2025-06-21,90,73,26,29.05,61.1,17,0.00
2025-06-22,93,77,24,29.10,59.6,10,0.00
2025-06-23,93,77,24,29.12,60.4,8,0.00
2025-06-24,95,78,24,29.12,57.5,9,0.00
2025-06-25,95,79,29,29.04,63.2,12,0.00
2025-06-26,91,72,28,29.01,66.4,22,0.00
2025-06-27,90,71,34,29.02,73.7,25,2.10
2025-06-28,91,71,30,29.03,73.4,14,0.21
2025-06-29,89,72,28,28.99,78.1,15,0.38
2025-06-30,88,72,30,28.95,73.5,10,0.00
2025-07-01,87,73,34,28.90,72.5,17,0.72
2025-07-02,91,73,32,28.88,70.3,13,0.00
2025-07-03,91,72,24,28.89,58.9,10,0.00
2025-07-04,93,77,24,28.96,54.8,15,0.00
2025-07-05,91,75,24,28.98,51.7,14,0.00
2025-07-06,92,77,24,28.93,51.1,12,0.00
2025-07-07,95,75,24,28.97,52.3,10,0.00
2025-07-08,93,77,24,29.02,58.5,12,0.00
2025-07-09,94,77,26,28.97,63.8,22,0.01
2025-07-10,86,74,27,28.94,75.9,14,0.14
2025-07-11,92,73,34,28.96,73.0,15,0.32
2025-07-12,92,73,28,29.00,70.8,13,0.00
2025-07-13,94,76,24,29.00,62.2,13,0.00
2025-07-14,95,75,24,28.99,60.6,10,0.00
2025-07-15,95,78,25,28.96,60.8,15,0.00
2025-07-16,91,75,27,28.98,68.1,13,0.00
2025-07-17,92,78,27,29.01,64.4,17,0.00
2025-07-18,92,76,28,29.06,72.5,20,0.78
2025-07-19,91,74,30,29.06,74.8,16,0.00
2025-07-20,91,77,29,28.99,71.0,14,0.06
2025-07-21,89,77,30,28.95,76.1,16,0.19
2025-07-22,96,75,22,28.91,63.9,17,0.00
2025-07-23,88,76,31,29.01,75.6,16,0.06
2025-07-24,89,75,26,29.06,67.1,15,0.02
2025-07-25,93,76,25,29.04,67.5,12,0.00
2025-07-26,94,74,25,29.06,65.9,12,0.00
2025-07-27,95,76,24,29.06,59.8,16,0.00
2025-07-28,98,78,25,29.02,58.8,15,0.02
2025-07-29,99,77,30,28.94,62.2,17,0.00
2025-07-30,92,75,25,28.93,69.9,10,0.00
2025-07-31,95,75,27,28.94,76.1,28,3.13
2025-08-01,93,73,26,28.99,80.7,15,0.03
2025-08-02,79,75,29,29.00,85.3,15,0.00
2025-08-03,74,67,34,28.97,87.6,21,2.58
2025-08-04,69,66,31,29.00,89.0,16,0.26
2025-08-05,73,66,31,29.08,89.3,14,0.13
2025-08-06,84,68,28,29.15,78.1,12,0.00
2025-08-07,83,70,29,29.11,77.0,13,0.00
2025-08-08,81,70,30,29.05,78.5,14,0.00
2025-08-09,84,71,30,29.05,73.3,17,0.00
2025-08-10,82,73,32,29.04,74.6,16,0.00
2025-08-11,87,74,36,29.00,84.7,15,0.32
2025-08-12,89,76,33,28.98,81.0,15,0.00
2025-08-13,87,75,31,28.92,81.5,12,0.00
2025-08-14,90,75,34,28.91,77.1,12,0.00
2025-08-15,94,76,28,29.01,72.3,12,0.46
2025-08-16,92,74,25,29.01,69.0,15,0.00
2025-08-17,92,74,27,28.93,66.5,10,0.53
2025-08-18,92,76,24,28.92,66.5,8,0.00
2025-08-19,89,75,30,28.95,79.9,26,2.09
2025-08-20,90,73,35,28.86,77.9,18,0.92
2025-08-21,92,71,26,28.80,76.8,18,0.00
2025-08-22,83,72,30,28.89,82.5,13,0.52
2025-08-23,79,71,33,28.90,86.5,16,0.02
2025-08-24,86,71,26,28.88,75.5,9,0.00
2025-08-25,85,69,24,28.93,60.5,15,0.00
2025-08-26,83,63,24,29.03,55.8,10,0.00
2025-08-27,81,60,24,29.08,55.1,13,0.00
2025-08-28,82,67,24,29.04,60.8,13,0.00
2025-08-29,85,68,24,28.98,61.9,13,0.00
2025-08-30,85,70,24,28.93,64.6,13,0.00
2025-08-31,85,68,26,28.98,65.8,13,0.00
2025-09-01,80,68,24,29.03,63.9,14,0.00
2025-09-02,81,65,24,28.98,58.4,12,0.00
2025-09-03,85,67,24,28.88,63.6,12,0.00
2025-09-04,88,68,24,28.82,63.2,13,0.00
2025-09-05,91,72,24,28.90,63.5,10,0.00
2025-09-06,89,72,26,28.94,74.9,16,0.02
2025-09-07,84,66,27,28.96,64.0,16,0.00
2025-09-08,81,66,26,29.04,54.3,23,0.00
2025-09-09,81,62,25,29.05,54.0,17,0.00
2025-09-10,84,63,24,29.05,52.0,12,0.00
2025-09-11,87,64,24,29.04,55.2,12,0.00
2025-09-12,86,68,24,29.04,54.8,10,0.00
2025-09-13,86,70,24,29.00,52.0,10,0.00
2025-09-14,86,68,24,28.95,52.0,7,0.00
2025-09-15,85,67,24,29.02,53.5,12,0.00
2025-09-16,88,68,24,29.05,56.1,10,0.00
2025-09-17,89,68,26,28.96,61.4,12,0.00
2025-09-18,91,69,24,28.94,62.0,9,0.00
2025-09-19,92,73,24,28.95,54.4,8,0.00
2025-09-20,90,70,26,28.98,58.5,9,0.00
2025-09-21,87,68,24,29.02,64.2,9,0.00
2025-09-22,86,69,24,28.97,60.6,9,0.00
2025-09-23,89,69,24,28.96,61.7,9,0.00
2025-09-24,92,72,23,28.93,58.3,18,0.00
2025-09-25,84,72,34,28.86,82.2,13,0.16
2025-09-26,82,72,31,28.79,80.0,10,0.00
2025-09-27,88,68,26,28.82,73.0,10,0.03
2025-09-28,88,69,24,28.95,64.1,16,0.00
2025-09-29,80,70,30,28.99,70.5,21,0.00
2025-09-30,81,70,25,28.92,73.2,16,0.00
2025-10-01,85,70,24,28.97,50.0,20,0.00
2025-10-02,78,63,21,29.15,56.0,18,0.00
2025-10-03,77,60,24,29.17,58.0,16,0.00
2025-10-04,79,61,24,29.09,65.7,16,0.00
2025-10-05,72,66,42,29.09,83.8,17,0.07
2025-10-06,76,68,30,29.09,85.2,14,0.00
2025-10-07,81,69,29,29.05,76.9,12,0.00
2025-10-08,86,71,29,29.02,69.7,14,0.00
2025-10-09,72,67,27,29.12,58.8,24,0.00
2025-10-10,74,57,24,29.11,54.2,20,0.00
2025-10-11,76,57,24,28.92,53.5,16,0.00
2025-10-12,80,56,24,28.78,52.1,13,0.00
2025-10-13,81,56,24,28.87,56.6,10,0.00
2025-10-14,84,58,24,28.96,53.6,9,0.00
2025-10-15,86,63,24,28.96,52.0,10,0.00
2025-10-16,83,64,24,28.91,49.0,15,0.00
2025-10-17,82,59,24,28.94,58.0,10,0.00
2025-10-18,81,61,28,28.95,64.0,13,0.00
2025-10-19,78,57,39,28.86,69.6,22,0.20
2025-10-20,75,50,24,29.03,44.2,12,0.00
2025-10-21,80,50,26,28.93,58.9,16,0.00
2025-10-22,74,53,24,28.97,49.2,16,0.00
2025-10-23,77,47,24,29.05,42.7,12,0.00
2025-10-24,76,52,24,29.11,41.5,12,0.00
2025-10-25,72,48,24,29.17,41.8,12,0.00
2025-10-26,63,53,26,29.11,56.9,20,0.05
2025-10-27,53,50,42,28.93,87.4,22,3.02
2025-10-28,54,50,34,28.91,83.3,15,0.00
2025-10-29,54,47,34,28.73,88.2,18,0.55
2025-10-30,57,47,32,28.72,78.9,21,0.00
2025-10-31,65,43,24,28.90,64.8,15,0.00
2025-11-01,67,42,24,29.01,56.4,9,0.00
2025-11-02,65,47,29,29.05,71.5,17,0.32
2025-11-03,62,45,29,29.14,77.1,14,0.00
2025-11-04,70,45,24,29.22,59.9,10,0.00
2025-11-05,75,48,24,29.12,57.8,13,0.00
2025-11-06,77,52,24,29.01,57.0,12,0.00
2025-11-07,72,51,30,28.86,75.2,10,0.00
2025-11-08,78,64,41,28.75,84.5,23,2.00
2025-11-09,73,45,35,28.82,74.4,23,0.00
2025-11-10,43,33,24,29.06,49.8,23,0.00
2025-11-11,49,28,24,29.21,48.4,14,0.00
2025-11-12,68,37,24,29.10,53.0,15,0.00
2025-11-13,70,45,24,29.11,54.9,16,0.00
2025-11-14,74,47,24,29.09,46.8,10,0.00
2025-11-15,75,49,25,28.91,57.1,14,0.00
2025-11-16,76,55,26,28.75,56.0,20,0.00
2025-11-17,69,47,24,28.94,30.5,14,0.00
2025-11-18,74,44,24,29.04,38.8,9,0.00
2025-11-19,75,59,32,29.06,73.7,14,0.00
2025-11-20,75,64,31,29.04,83.5,9,0.00
2025-11-21,79,61,26,28.96,75.3,15,0.00
2025-11-22,81,62,37,28.91,76.6,16,0.07
2025-11-23,74,56,24,29.00,60.2,10,0.00
2025-11-24,75,53,24,29.04,58.9,13,0.00
2025-11-25,67,59,37,28.98,84.5,25,2.50
2025-11-26,68,46,29,28.98,71.3,17,0.00
2025-11-27,52,37,24,29.10,41.6,20,0.00
2025-11-28,49,33,24,29.24,44.2,20,0.00
2025-11-29,51,34,24,29.25,41.1,14,0.00
2025-11-30,46,40,43,29.14,79.1,13,0.94
2025-12-01,52,37,32,29.10,77.0,16,0.10
2025-12-02,49,36,39,28.82,85.4,16,1.54
2025-12-03,52,32,26,29.01,69.4,12,0.00
2025-12-04,49,35,28,29.04,71.9,8,0.11
2025-12-05,47,43,32,28.91,86.2,9,0.20
2025-12-06,47,38,27,28.90,82.3,8,0.00
2025-12-07,43,33,36,28.94,87.6,9,0.00
2025-12-08,50,38,30,28.98,78.4,16,0.06
2025-12-09,50,32,31,29.06,76.5,9,0.00
2025-12-10,58,34,31,28.83,74.8,22,0.00
2025-12-11,53,36,24,28.91,47.8,20,0.00
2025-12-12,64,36,24,28.96,52.8,13,0.00
2025-12-13,69,43,35,28.99,74.1,15,0.00
2025-12-14,61,24,34,29.08,62.5,24,0.08
2025-12-15,45,21,24,29.29,38.5,10,0.00
2025-12-16,58,30,25,29.15,31.6,8,0.00
2025-12-17,64,36,24,29.07,50.8,9,0.00
2025-12-18,63,52,32,28.88,81.5,16,0.00
2025-12-19,63,40,33,28.84,63.4,31,1.07
2025-12-20,63,36,24,29.06,41.1,7,0.00
2025-12-21,57,41,34,29.15,61.4,10,0.03
2025-12-22,60,48,24,29.32,29.0,15,0.00
2025-12-23,67,50,24,29.23,56.8,9,0.00
2025-12-24,77,54,24,29.17,69.9,9,0.00
2025-12-25,72,57,28,29.06,76.7,16,0.00
2025-12-26,68,58,29,28.95,82.3,13,0.00
2025-12-27,77,61,30,28.93,79.3,12,0.00
2025-12-28,69,57,41,28.95,87.3,13,0.00
2025-12-29,64,33,33,28.88,63.0,35,0.18
2025-12-30,42,26,24,29.05,47.8,26,0.00
2025-12-31,52,29,24,29.00,40.2,13,0.00
2026-01-01,62,35,24,28.89,45.0,14,0.00
2026-01-02,61,47,24,28.81,58.5,10,0.81
2026-01-03,57,48,34,28.76,85.9,12,0.22
2026-01-04,63,44,30,28.96,73.0,9,0.00
2026-01-05,66,44,36,29.01,82.6,12,0.00
2026-01-06,51,47,17,28.94,88.9,6,0.00
